"id","site","job_url","job_url_direct","title","company","location","date_posted","job_type","salary_source","interval","min_amount","max_amount","currency","is_remote","job_level","job_function","listing_type","emails","description","company_industry","company_url","company_logo","company_url_direct","company_addresses","company_num_employees","company_revenue","company_description"
"bayt-1309610057072887851","bayt","https://www.bayt.com/en/saudi-arabia/jobs/it-developer-5252177/","","IT Developer","Wared for water services","Jeddah · Saudi Arabia","","","","","","","","","","","","","","","","","","","","",""
"bayt-4653658776809057563","bayt","https://www.bayt.com/en/saudi-arabia/jobs/software-engineer-5252703/","","Software Engineer","Toq For information Technology","Riyadh · Saudi Arabia","","","","","","","","","","","","","","","","","","","","",""
"bayt-2391292251514432172","bayt","https://www.bayt.com/en/kuwait/jobs/programmer-5253636/","","Programmer","Confidential Company","Al Kuwait · Kuwait","","","","","","","","","","","","","","","","","","","","",""
"bayt-7672673065655217896","bayt","https://www.bayt.com/en/qatar/jobs/senior-sap-developer-abap-5251248/","","Senior SAP Developer – ABAP","Starlink ME","Qatar","","","","","","","","","","","","","","","","","","","","",""
"bayt-4384423302446139963","bayt","https://www.bayt.com/en/qatar/jobs/senior-consultant-application-developer-5251236/","","Senior Consultant - Application Developer","Starlink ME","Qatar","","","","","","","","","","","","","","","","","","","","",""
"bayt-932518641739345556","bayt","https://www.bayt.com/en/qatar/jobs/sap-developer-abap-5251230/","","SAP Developer – ABAP","Starlink ME","Qatar","","","","","","","","","","","","","","","","","","","","",""
"bayt-3887516917951744203","bayt","https://www.bayt.com/en/qatar/jobs/experienced-sap-developer-abap-5251203/","","Experienced SAP Developer – ABAP","Starlink ME","Qatar","","","","","","","","","","","","","","","","","","","","",""
"bayt-3540150959364894510","bayt","https://www.bayt.com/en/qatar/jobs/experienced-application-developer-5251198/","","Experienced Application Developer","Starlink ME","Qatar","","","","","","","","","","","","","","","","","","","","",""
"bayt-4156882254928033800","bayt","https://www.bayt.com/en/qatar/jobs/consultant-application-developer-5251162/","","Consultant- Application Developer","Starlink ME","Qatar","","","","","","","","","","","","","","","","","","","","",""
"bayt-7707771118602521233","bayt","https://www.bayt.com/en/qatar/jobs/power-bi-dashboard-developer-5250001/","","Power BI Dashboard Developer","Candidzone Qatar","Doha · Qatar","","","","","","","","","","","","","","","","","","","","",""
"bayt-6369909184789779740","bayt","https://www.bayt.com/en/china/jobs/software-developer-5248286/","","Software Developer","Wuwi Inc","Shijiazhuang · China","","","","","","","","","","","","","","","","","","","","",""
"bayt-8811014230576141526","bayt","https://www.bayt.com/en/uae/jobs/crm-technical-developer-5248110/","","CRM Technical Developer","Apar Technology","Dubai · UAE","","","","","","","","","","","","","","","","","","","","",""
"bayt-5381888860849568324","bayt","https://www.bayt.com/en/egypt/jobs/oracle-apex-senior-developer-5230791/","","Oracle APEX senior Developer","Future Care information technology","New Cairo · Cairo · Egypt","","","","","","","","","","","","","","","","","","","","",""
"bayt-3034002958892615576","bayt","https://www.bayt.com/en/uae/jobs/software-developer-5243579/","","Software Developer","TOPFORM TECHNOLOGIES LLC","Dubai · UAE","","","","","","","","","","","","","","","","","","","","",""
"bayt-2803175530579066153","bayt","https://www.bayt.com/en/egypt/jobs/%D9%85%D8%B7%D9%88%D8%B1-%D8%A7%D8%B9%D9%85%D8%A7%D9%84-%D9%84%D9%84%D8%B9%D9%85%D9%84-%D8%A8%D8%A7%D9%84%D8%B3%D8%B9%D9%88%D8%AF%D9%8A%D8%A9-5242472/","","مطور اعمال للعمل بالسعودية","شركة البدوي للتوظيف/ Albadwy Recruitment","Heliopolis · Cairo · Egypt","","","","","","","","","","","","","","","","","","","","",""
"gd-1009652058594","glassdoor","https://www.glassdoor.co.in/job-listing/j?jl=1009652058594","","Associate Software Engineer","NextBridge Solutions","Pune","2025-02-27","","direct_data","yearly",450000.0,800000.0,"INR",False,"","","organic","","An Inspiring Work Culture \\| Flexible Working Hours \\| Work Like Never Before
  
### **Recent Graduates**

We offers technical and business internships to students for 2 to 6 months and also full\\-time opportunities designed to empower you. Imagine the impact you can have and jumpstart your career. As we have successfully completed 5 yrs of execution.
### **Experienced Professionals**

Want to make a difference? So do we. Step in to explore the wealth of career opportunities and take your career to the next level.
  
Associate Software Engineer


  
**Job Description:**

**Roles and Responsibilities and Skills required for the profile:**

* Knowledge of one database SQL, Oracle, PostgreSQL, Informix/Sybase.
* Experience on web development HTML, PHP, ASP.Net, HTML5
* CTI (Computer Telephony Integration) based application development.
* Min one Programming knowledge on .Net, Java, Linux scripting, XML/VXML/CCXML.
* Knowledge on windows and Linux OS is must
* Basic knowledge on networking.
* Excellent written and oral communication skills in English Language.
* Willing to Travel on site
* Selected candidates have to sign two years of bond.
* Conducting analysis of website and application requirements.
* Writing back\\-end code and building efficient PHP modules.
* Developing back\\-end portals with an optimized database.
* Knowledge of PHP web frameworks including Yii, Laravel, and CodeIgniter.
* Proficient with code versioning tools including Git, Mercurial, CVS, and SVN

**Requirements:**

* Must have knowledge in Angular JS, NodeJS, Java script. And, HTML5, Web Services.
* Education Qualification (Degree/Branch): BCA, B.tech, BE
* Able to work with minimal supervision
* Excellent listeningand presentation skills","","https://www.glassdoor.co.in/Overview/W-EI_IE5077414.htm","https://media.glassdoor.com/sql/5077414/nextbridge-it-solutions-squarelogo-1644998540079.png","","","","",""
"gd-1009365534127","glassdoor","https://www.glassdoor.co.in/job-listing/j?jl=1009365534127","","Software Engineer","HSBC","Pune","2025-02-27","","direct_data","yearly",700000.0,982000.0,"INR",False,"","","organic","","Job description
Some careers shine brighter than others.


If you’re looking for a career that will help you stand out, join HSBC and fulfil your potential. Whether you want a career that could take you to the top, or simply take you in an exciting new direction, HSBC offers opportunities, support and rewards that will take you further.


HSBC is one of the largest banking and financial services organisations in the world, with operations in 64 countries and territories. We aim to be where the growth is, enabling businesses to thrive and economies to prosper, and, ultimately, helping people to fulfil their hopes and realise their ambitions.


We are currently seeking an experienced professional to join our team in the role of Software Engineer.


In this role, you will:


* Work closely with Scrum teams to understand business requirements and build scalable APIs to support this
* Responsible for the entire software development lifecycle, from build, deploy to on\\-going production support.
* Enjoy working with a team of engineers to solve interesting technical challenges.
* Provide support to the development teams.
* Ensure that the mobile services conform to HSBC's controls.
* Collaborate with a variety of teams for development and incident management.
* Actively participate in the Mobile Engineering Discipline and associated communities
Requirements
To be successful in this role, you should meet the following requirements:


* Experience developing web APIs for Mobile applications.
* Experience with continuous delivery of Mobile applications
* Experience building scalable components with a Microservice architecture
* Strong technical experience on server\\-side development (Java 8, Spring Boot, Pivotal Cloud Foundry, AWS, MuleSoft API Gateway).
* Understanding and championing of functional programming paradigms and reactive programming (RxJava or similar framework)
* Strong experience in continuous build/integration/deployment tools including Jenkins, Git and Jira
* Exposure to monitoring tools (Splunk, AppDynamics, Prometheus or similar) and fault tolerance tools like Hystrix.
* Working knowledge of Python and experience of Kotlin is advantageous.
* Experience working in Agile teams and strong communication skills and a great team player.

Candidate with less relevant experience or skills may be offered a lower Global Career Band than stated above.


You’ll achieve more when you join HSBC.


www.hsbc.com/careers


HSBC is committed to building a culture where all employees are valued, respected and opinions count. We take pride in providing a workplace that fosters continuous professional development, flexible working and opportunities to grow within an inclusive and diverse environment. Personal data held by the Bank relating to employment applications will be used in accordance with our Privacy Statement, which is available on our website.


Issued by – HSBC Software Development India","","https://www.glassdoor.co.in/Overview/W-EI_IE3482.htm","https://media.glassdoor.com/sql/3482/hsbc-holdings-squarelogo.png","","","","",""
"gd-1009650134454","glassdoor","https://www.glassdoor.co.in/job-listing/j?jl=1009650134454","","Associate QA Engineer, Software","Light & Wonder","Pune","2025-02-26","","direct_data","yearly",770000.0,950000.0,"INR",False,"","","organic","","Gaming:
Welcome to the world of land\\-based gaming. At Light \\& Wonder, it’s all about the games, and our Gaming team builds cutting\\-edge technology, products, and content for the most iconic casinos and operators across the globe.
Position Summary
Debugs software products through the use of systematic tests to develop, apply and maintain quality standards for firm products. Develops, modifies and executes software test plans, automated scripts and programs for testing. Analyzes and writes test standards and procedures. Maintains documentation of test results to assist in debugging and modification of software. Analyzes test results to ensure existing functionality and recommends corrective action. Consults with development engineers in resolution of problems. Provides feedback in preparation of technical appraisals of programming languages, systems and computation software. Ensures quality computer integration into the overall functions of scientific computation, data acquisition and processing. Non\\-engineer roles that are primarily performing audits and tests of software products in accordance with established test plans and procedures and are not involved in the development of test plans should be matched Software Test Technician.
Company Profile:(Light \\& Wonder (lnw.com)) Light \\& Wonder creates technology\\-based products and content for land\\-based casino gaming, social and digital organizations worldwide. We are the global leader in cross\\-platform games and entertainment.
Through our amazing game content, technology platforms and Systems applications, we delight our players with what they want, wherever and whenever \\- be it online, mobile, or at their favourite land\\-based casino. We are excited to go all in on creating great games and a seamless player experience across all platforms.
At Light \\& Wonder, all our team members are known as Creators. We empower our creators to innovate, create, and bring fun to the workspace. The core principles that unite our team, guide our actions, and drive our growth .
· Dare to be bold \\- We always bring courage to work to reach for the unbelievable · Celebrate perspectives \\- We combine diverse talent to look at the familiar in unfamiliar ways* Never settle \\- We relentlessly push forward to create the extraordinary in every detail
* Uphold integrity \\- We promote accountability and respect to raise the bar for ourselves and the industry
* Win as a team \\- We bring out the best in each other to share collective success


We have 5000 creators working across in various regions globally. In India, we are a team of 1400 plus creators sharing the passion to excite our players and customers by creating the world's best game experiences. We strive to walk the walk and show that we are inspiring wonder and building magical worlds with endless possibilities.
Light \\& Wonder is committed to offer very competitive benefits that are aligned with our values and inspires employees to drive innovation and contribute to the organization’s performance. Employees are the most valued resources and we always look to improve their well\\-being with a wide range of benefits befitting every individual. Not limited to monetary benefits, we have robust learning and development opportunities that help them to grow professionally.
Job Description:* Knowledge of Software Development Life Cycle (SDLC), Software testing life cycle (STLC), software QA methodologies, tools and processes
* Experience in preparing Test Scenarios and writing clear, concise \\& comprehensive test cases
* Good Communication, attitude of learning, listening, accepting the challenge
* Execution of Test cases, reporting defects and Defect tracking
* Experience in black box, ad\\-hoc, smoke, sanity, Regression, Integration, system testing
* Reproducing issues reported from the field
* Setup and maintenance of test environments
* Experience working in Agile methodology.
* Participate in exploratory game play sessions, identify test scenarios, and write new test cases when required
* Strong problem Solving, Analytical and interpersonal Skills
* ISTQB certified would be an advantage


Education \\& Experience* Bachelor Of Engineering, M.C.A, M.Sc with an experience of 0\\.6\\-1\\.5 years into Manual Testing.


Qualifications","","https://www.glassdoor.co.in/Overview/W-EI_IE6943496.htm","https://media.glassdoor.com/sql/6943496/light-and-wonder-squareLogo-1681768232952.png","","","","",""
"gd-1009633151371","glassdoor","https://www.glassdoor.co.in/job-listing/j?jl=1009633151371","","Software Engineer - DevOps","Barclays","Pune","2025-02-11","","direct_data","yearly",480000.0,880000.0,"INR",False,"","","organic","","Join us as a Software Engineer – DevOps at Barclays, where you'll spearhead the evolution of our digital landscape, driving innovation and excellence. You'll harness cutting\\-edge technology to revolutionise our digital offerings, ensuring unparalleled customer experiences. As a part of team of developers, you will deliver technology stack, using strong analytical and problem solving skills to understand the business requirements and deliver quality solutions.  

  

To be successful as a Software Engineer – DevOps you should have experience with:

* Kubernetes
* Jenkins/Gitlab CI/CD pipelines
* Linux
* OpenShift
* Git/Bitbucket/Gitlab


Some other highly valued skills includes:

* Java
* Docker
* Shell/Groovy/Python scripting
* ELK, AppDynamics


You may be assessed on key critical skills relevant for success in role, such as risk and controls, change and transformation, business acumen, strategic thinking and digital and technology, as well as job\\-specific technical skills.


This role is based out of Pune.


**Purpose of the role**


To design, develop and improve software, utilising various engineering methodologies, that provides business, platform, and technology capabilities for our customers and colleagues.

**Accountabilities**

* Development and delivery of high\\-quality software solutions by using industry aligned programming languages, frameworks, and tools. Ensuring that code is scalable, maintainable, and optimized for performance.
* Cross\\-functional collaboration with product managers, designers, and other engineers to define software requirements, devise solution strategies, and ensure seamless integration and alignment with business objectives.
* Collaboration with peers, participate in code reviews, and promote a culture of code quality and knowledge sharing.
* Stay informed of industry technology trends and innovations and actively contribute to the organization’s technology communities to foster a culture of technical excellence and growth.
* Adherence to secure coding practices to mitigate vulnerabilities, protect sensitive data, and ensure secure software solutions.
* Implementation of effective unit testing practices to ensure proper code design, readability, and reliability.

**Analyst Expectations**

* Will have an impact on the work of related teams within the area.
* Partner with other functions and business areas.
* Takes responsibility for end results of a team’s operational processing and activities.
* Escalate breaches of policies / procedure appropriately.
* Take responsibility for embedding new policies/ procedures adopted due to risk mitigation.
* Advise and influence decision making within own area of expertise.
* Take ownership for managing risk and strengthening controls in relation to the work you own or contribute to. Deliver your work and areas of responsibility in line with relevant rules, regulation and codes of conduct.
* Maintain and continually build an understanding of how own sub\\-function integrates with function, alongside knowledge of the organisations products, services and processes within the function.
* Demonstrate understanding of how areas coordinate and contribute to the achievement of the objectives of the organisation sub\\-function.
* Make evaluative judgements based on the analysis of factual information, paying attention to detail.
* Resolve problems by identifying and selecting solutions through the application of acquired technical experience and will be guided by precedents.
* Guide and persuade team members and communicate complex / sensitive information.
* Act as contact point for stakeholders outside of the immediate function, while building a network of contacts outside team and external to the organisation.


All colleagues will be expected to demonstrate the Barclays Values of Respect, Integrity, Service, Excellence and Stewardship – our moral compass, helping us do what we believe is right. They will also be expected to demonstrate the Barclays Mindset – to Empower, Challenge and Drive – the operating manual for how we behave.","","https://www.glassdoor.co.in/Overview/W-EI_IE3456.htm","https://media.glassdoor.com/sql/3456/barclays-squareLogo-1620301796378.png","","","","",""
"gd-1009412420391","glassdoor","https://www.glassdoor.co.in/job-listing/j?jl=1009412420391","","Software Engineer (Test)","Mastercard","Pune","2025-02-08","","direct_data","yearly",880000.0,910000.0,"INR",False,"","","organic","","Our Purpose*Mastercard powers economies and empowers people in 200\\+ countries and territories worldwide. Together with our customers, we’re helping build* *a sustainable economy* *where everyone can prosper. We support a wide range of digital payments choices, making* *transactions secure,* *simple, smart and accessible. Our technology and innovation, partnerships and networks combine to deliver a unique set of products and services that help people, businesses and governments realize their greatest potential.*
Title and Summary
Software Engineer (Test)
Overview:  

As a Software Development Engineer in the Mastercard Data \\& Services Technologies team, you will play a valuable role within a successful and rapidly growing business unit, working closely with experienced and motivated engineers to solve challenging problems.  

  

As a member of the Mastercard D\\&S Business Intelligence team, you will bring your technical knowledge and back\\-end development experience to help build, deploy, and scale real\\-time interactive applications for thousands of clients across the globe that allow users to compare the performance of their portfolio against benchmarks. You will scale our platform to be able to support more customers and broader use cases by helping re\\-architect our calc tier to use modern and big\\-data focused scale\\-out technologies (distributed storage, scale\\-out compute, elastic resources in the cloud). Our next\\-generation platform blends industry\\-leading analytics, advanced software architecture, and the latest data processing technologies.  

  

Engineers work in small, flexible teams. Every team member contributes to feature design, building, and testing. The range of work you encounter varies from front\\-end web development to writing server\\-side calculation code to database work. There are no rigid organizational structures at Mastercard; each team uses processes that work the best for that team's members and projects.  

  

Role  

* Play a crucial part in a technical test role to help drive Quality and to build,


 implement and execute tests, automation improvements and reporting for our  

 regression release cycle.  

* Expand our existing test automation framework and test coverage.
* Partner with integration testers and organization SETs (Software Engineers in


 Test) to improve and automate test and release processes.  

* Work closely with software developers on the team on assigned projects to


 assist in implementation tasks.  

* Help make Quality an integral part of the development process.
* Assist with production support issues by acting as a subject matter expert in


 resolving incidents and problem tickets.  

* Be an integral part of the Agile SAFe discover and elaboration sessions.

  

All About You  

* 3\\+ years of experience in automated Unit and Integration testing, particularly using Java
* Experience testing across a variety of platforms: web and mobile user interface, APIs (REST and SOAP), data warehouse reports.
* Expertise in software development to build and use automation frameworks using technologies: Java8, JUnit, Selenium, Cucumber/JBehave, Soap UI/Pro, REST, JSON and XML, Eclipse IDE. Good knowledge of Spring API and event based services testing.
* Ability to create good acceptance and integration test automation scripts and integrate with Continuous integration (Jenkins/Bamboo) and code coverage tools (Sonar, Clover) to ensure 80% or higher code coverage.
* Exposure to Continuous integration, Delivery, and tools desirable.
* Be skilled at explaining technical problems succinctly and clearly.
* Test analysis and reporting ability.
* Bachelor/Master’s Degree in Computer Science or equivalent work experience


Corporate Security Responsibility  

All activities involving access to Mastercard assets, information, and networks comes with an inherent risk to the organization and, therefore, it is expected that every person working for, or on behalf of, Mastercard is responsible for information security and must:* Abide by Mastercard’s security policies and practices;
* Ensure the confidentiality and integrity of the information being accessed;
* Report any suspected information security violation or breach, and
* Complete all periodic mandatory security trainings in accordance with Mastercard’s guidelines.","","https://www.glassdoor.co.in/Overview/W-EI_IE3677.htm","https://media.glassdoor.com/sql/3677/mastercard-squarelogo-1468516067022.png","","","","",""
"gd-1009624368195","glassdoor","https://www.glassdoor.co.in/job-listing/j?jl=1009624368195","","Software Testing Engineer","L&T Technology Services Limited.","Pune","2025-02-04","","direct_data","yearly",412000.0,722500.0,"INR",False,"","","organic","","LTTS India
Pune


**Job Description**


1\\. Software QA Testing \\& Testing Automation Roles for AWS Cloud Based Development.  

2\\. Perform manual QA testing \\& Develop Automated Scripts for Web Based apps  

1\\. Software QA Testing \\& Testing Automation Roles for AWS Cloud Based Development.  

2\\. Perform manual QA testing \\& Develop Automated Scripts for Web Based apps**Job Requirement**


Perform manual QA testing \\& Develop Automated Scripts for Web Based apps","","https://www.glassdoor.co.in/Overview/W-EI_IE394137.htm","https://media.glassdoor.com/sql/394137/l-and-t-technology-services-squareLogo-1679988099178.png","","","","",""
"gd-1009620226810","glassdoor","https://www.glassdoor.co.in/job-listing/j?jl=1009620226810","","Software Development Engineer II","Mastercard","Pune","2025-02-01","","","","","","",False,"","","organic","","Our Purpose*Mastercard powers economies and empowers people in 200\\+ countries and territories worldwide. Together with our customers, we’re helping build* *a sustainable economy* *where everyone can prosper. We support a wide range of digital payments choices, making* *transactions secure,* *simple, smart and accessible. Our technology and innovation, partnerships and networks combine to deliver a unique set of products and services that help people, businesses and governments realize their greatest potential.*
Title and Summary
Software Development Engineer II
Who is Mastercard:  

  

Mastercard is a global technology company in the payments industry. We work to connect and power an inclusive, digital economy that benefits everyone, everywhere by making transactions safe, simple, smart and accessible.  

  

Our mission is to connect and power an inclusive, digital economy that benefits everyone, everywhere by making transactions safe, simple, smart, and accessible. Using secure data and networks, partnerships and passion, our innovations and solutions help individuals, financial institutions, governments, and businesses realize their greatest potential.  

  

Overview:  

  

The Mastercard® Cross Border platform and services enable secure, near real\\-time payment transfers to and from billions of card, bank and digital accounts globally. Program Participants (banks, businesses, digital players and more) can modernize the way they send money cross\\-border, making funds available to recipients almost instantly. Mastercard Cross Border is proven to increase user spend and engagement, strengthening core business performance.  

  

Do you like to be part of a team that is creating and executing strategic initiatives centered around digital payments?  

Do you look forward to developing and engaging with high performant diverse teams around the globe?  

Would you like to be part of a highly visible, strategically important global engineering organization?  

  

Role:  

* Responsible for leading design \\& development of microservices built using Sprintboot on Cloud.
* Responsible for programming, testing, implementing, documenting, maintaining and supporting applications in adherence with MasterCard standards, processes and industry best practices.
* Develop high quality, secure, scalable solutions based on technical requirements specifications and design artifacts within expected time and budget.
* Develop enterprise solutions (standalone applications, services \\& SDK) using J2EE, JDBC (SQL \\& NoSQL) related technologies like Spring \\& Spring Framework.
* Integrate content feeds via API, JSON, XML, and RSS from both internal and external sources.
* Hands\\-on design \\& development experience on Cloud. Exposure to Pivotal Cloud Foundry will be an added advantage.
* Communicate directly with team and project leaders to ensure scheduled due dates are met, while identifying emerging issues and recommending solutions for problems and independently perform assigned tasks.
* Support internal and external users of the web content management system. Perform production incident management and participate in on\\-call escalation pager support rotation.
* Document application components for support and training materials for MasterCard Quality Assurance and Quality Control processes.

  

All About You  

* Strong communication skills – both verbal and written – with strong relationship building, collaborative skills and organizational skills.
* Ability to work as a member of a matrix\\-based, diverse and geographically distributed project team.
* Demonstrate ethics and values to generate high team trust.


Corporate Security Responsibility  

All activities involving access to Mastercard assets, information, and networks comes with an inherent risk to the organization and, therefore, it is expected that every person working for, or on behalf of, Mastercard is responsible for information security and must:* Abide by Mastercard’s security policies and practices;
* Ensure the confidentiality and integrity of the information being accessed;
* Report any suspected information security violation or breach, and
* Complete all periodic mandatory security trainings in accordance with Mastercard’s guidelines.","","https://www.glassdoor.co.in/Overview/W-EI_IE3677.htm","https://media.glassdoor.com/sql/3677/mastercard-squarelogo-1468516067022.png","","","","",""
"gd-1009617405893","glassdoor","https://www.glassdoor.co.in/job-listing/j?jl=1009617405893","","Junior Software Developer","intellisourcetech","Pune","2025-01-30","","direct_data","yearly",900000.0,900000.0,"INR",False,"","","organic","","Role: Junior Software Developer



Location: WTC Kharadi Pune, India



Experience : 0 – 1 year



Skills: C\\#, ASP.Net, MVC, jQuery, SQL



Positions: 3 to 4



Desired Profile:


* Candidate should have to have basic knowledge of ASP.NET, C\\# and MVC framework.
* Good understanding of SQL 2008/12, Entity Framework, LINQ, .NET development architecture for Web, Visual Studio 2019


* Strong understanding of JSON, and jQuery skills and strong knowledge of DevOps/TFS, Web API, or Restful Services


* Knowledge of Azure cloud development will be added advantage


* Ability to work in an Agile environment.
* Ability to work on multiple assignments independently.


* Candidate must be intellectually curious, be adept in database technologies, and can mine data to answer complex questions and communicate findings.


* Ability to work in advanced development practices such as Agile/Scrum using JIRA.


* Must have excellent written and verbal communication.


* Understanding the healthcare domain, medical terminology, clinical workflow processes, and electronic health records will be added advantage.

**Our Office Location :**



IntelliSource Technologies,



Unit 103, 1st floor, Tower 2



World Trade Center, Kharadi



Pune, Maharashtra. \\- 400014","","","","","","","",""
"gd-1009570399930","glassdoor","https://www.glassdoor.co.in/job-listing/j?jl=1009570399930","","Software Engineer","Indicus Software","Pune","2024-12-19","","","","","","",False,"","","organic","","**Experience Range:** 2 to 5 years

**Job Location:** Pune (India)

**Employment:** Full Time

**Qualification:** B.E./B.Tech/MCA/BCA/B.Sc./BCS


Skills – Primary – (Mandatory)

* Java Technologies (Java, J2EE, Struts, Spring, Hibernate, JSF)
* OOPS Concepts, JavaScript, design patterns
* RDBMS skills – SQL, MySQL, etc., Normalization, Stored Procedures, Query Optimization
* SDLC, Agile development methodologies
* Communication Skills – Verbal \\& Non\\-Verbal

Skills – Secondary – (Good to have)

* Japanese Language
* Knowledge and Experience for Cloud Based Solutions

Job Description \\& Responsibilities –

* Developing web based applications/products, based on the requirement
* Complete hands\\-on experience with coding, bug\\-fixing \\& trouble\\-shooting
* Documenting the architecture and coding standards
* Gathering \\& understanding requirements
* Develop design \\& implement application/scripts independently
* Develop solutions to meet customer \\& business requirements
* Responsible for ensuring timely and quality delivery
* Self\\-motivated, and willing to go the extra mile
* Perform design activities which may require extensive exploration and analysis
* Excited by the opportunity to learn new technologies like Internet of Things (IoT), Artificial Intelligence (AI), Machine Learning (ML) etc.","","https://www.glassdoor.co.in/Overview/W-EI_IE483539.htm","https://media.glassdoor.com/sql/483539/indicus-software-squareLogo-1734320704892.png","","","","",""
"gd-1009547531666","glassdoor","https://www.glassdoor.co.in/job-listing/j?jl=1009547531666","","Associate Software Engineer","Feuzen Labs Pvt. Ltd","India","2024-12-02","","direct_data","yearly",401478.0,600000.0,"INR",False,"","","organic","","**Hello Everyone,**  
We are looking for fresh engineering graduates from the **2024** batch.

**Eligibility Criteria:**

* BE/B.Tech in CSE or IT only
* Minimum 60% marks throughout academics

**Salary Offered:**

* ₹4 LPA \\+ ₹2 Lakhs as an annual bonus

**Job Location:**

* Pune

Job Types: Full\\-time, Permanent, Fresher

Pay: ₹401,478\\.18 \\- ₹600,000\\.00 per year

Benefits:

* Health insurance
* Provident Fund

Schedule:

* Day shift
* Monday to Friday
* Morning shift

Supplemental Pay:

* Performance bonus
* Yearly bonus

Education:

* Bachelor's (Preferred)

Experience:

* .NET: 1 year (Preferred)
* total work: 1 year (Preferred)
* Java: 1 year (Preferred)

Work Location: In person","","","","","","","",""
"gd-1009477528077","glassdoor","https://www.glassdoor.co.in/job-listing/j?jl=1009477528077","","Software Engineer - Pune","Quick Heal","Pune","2024-11-24","","direct_data","yearly",451500.0,650000.0,"INR",False,"","","organic","","Department
DEVELOPMENT
Job posted on
Jan 02, 2025
Employment type
Full Time
  
**About Quick Heal**
Quick Heal is one of the leading IT security solutions company with a global presence in 38 cities in India and 40 countries across globe. Each Quick Heal product is designed to simplify IT security management across the length and depth of devices and on multiple platforms. They are customized to suit consumers, small businesses, Government establishments and corporate houses.

**SEQRITE** is the enterprise arm of India's leading and only listed cybersecurity products company – *Quick Heal Technologies*. What sets SEQRITE apart is our state\\-of\\-the\\-art Zero Trust technology, primed and ready to take on the market. We believe in a security paradigm where trust is never assumed, but rather consistently verified. Our *Zero Trust* solutions suite enables organizations to secure their endpoints, data, networks, and users across geographies, providing a robust defense against modern cyber threats.
SEQRITE is also powered by state\\-of\\-the\\-art *SEQRITE Labs* that continuously mines Threat Research, Real\\-time Detection, and Threat Intelligence.*In the recent successful project of our nation ""****Chandrayaan 3****"", SEQRITE solutions have played an important role in securing the command \\& control center of ISRO from Cyber Threats.*
SEQRITE has a dedicated Services wing. This division specialises in delivering comprehensive cybersecurity consulting services to a diverse clientele that includes Corporates, PSUs, Government, and Law Enforcement Agencies. SEQRITE has a global marquee clientele across BFSI, Pharma, Manufacturing, Government, and Mid \\& Large industries.**Core Purpose:** Innovate to ""simplify"" securing digital experience.**Mission:** Empowering the team to solve business problems.**Vision:** To be trusted by our customers in securing the digital world and aim to grow as reputable global market leader.**What makes us different:****SEQRITE** is one of the most successful purpose\\-led businesses enabling employees to thrive and unleash their potential to innovate. We invest in career development opportunities for our employees and celebrate our diverse perspectives every step of the way. We provide you an opportunity to work on new technologies. You will be surrounded by passionate and committed colleagues and work together to create a digital safe world for everyone. **Job Description****Position:** Software Engineer I**Experience Required:** 0 to 1 year
The role is for primary level technical expertise required for product development in security and networking domain.**Responsibilities:*** He would be able to fix coding level bugs.
* \\[Requires \\- Good programming skills in any of the language (C/C\\+\\+/Java/JavaScript), Basic data structure knowledge (Arrays, Vectors, Link Lists)]
* Able to process and explore inputs given by mentors to dig down further details of the product features.
* Understands the product related discussion well enough in terms of architecture, design
* \\[Requires \\- Good understanding of Operating systems concepts like process, thread, synchronization, file handling, memory management (Linux or Windows or MAC)
* With few inputs should be able to do dev \\& testbed setups, write and execute tests, report bugs.
* Should be able to do simple bugfixes and small enhancements. \\[Requires \\- Good analytical, programming skill]
* Should ask relevant queries to peers/seniors related to product, technology, domain
* Should gain product and domain knowledge in the process. \\[Requires \\- Proactiveness, learning aspect, communication, behaviour aspect]

**Required Skills:**
0\\-1\\+ years’ experience in software product development preferably in networking or security domain.


Excellent C/C\\+\\+/Java/Angular programming skills.


Basic knowledge of networking or security domain.


Basic understanding of OS concepts (Linux/Windows/MAC)

 **Desired Traits:**
Must have excellent programming skills.

*“Thank you for your consideration to become Quick Heal Family Member”*","","https://www.glassdoor.co.in/Overview/W-EI_IE519898.htm","https://media.glassdoor.com/sql/519898/quick-heal-squarelogo-1591595899157.png","","","","",""
"gd-1009521167250","glassdoor","https://www.glassdoor.co.in/job-listing/j?jl=1009521167250","","Dot Net Developer","Infolent Technologies","Pune","2024-11-09","","direct_data","yearly",600000.0,1200000.0,"INR",False,"","","organic","","Preferring the candidates having 3 to 8 yrs experience

Programming skills in C\\# to develop web applications using .NET, MVC and SQL Server  
Experience with HTML, CSS, JavaScript required.  
Excellent verbal communication skills.  
Hands\\-on knowledge of the .NET Framework, ASP.NET, C\\#, Web API, JavaScript, HTML5 and CSS3\\.  
Experience in designing interactive applications  
Excellent knowledge of relational databases preferably Microsoft SQL Server

Job Types: Full\\-time, Part\\-time, Permanent, Fresher, Internship, Contractual / Temporary, Freelance  
Contract length: 12 months

Pay: ₹600,000\\.00 \\- ₹1,200,000\\.00 per year

Benefits:

* Work from home

Schedule:

* Monday to Friday

Supplemental Pay:

* Yearly bonus","","","","","","","",""
"gd-1009363361304","glassdoor","https://www.glassdoor.co.in/job-listing/j?jl=1009363361304","","Software Developer - ABAP","Behr Paint Company","","2024-07-13","","","","","","",True,"","","sponsored","","**JOB SUMMARY:**

* Write, analyze, test and modify SAP software, applications, programs and updates.
* Engage in most aspects of the system development lifecycle, including development, testing, implementation, and support.

**PRINCIPAL FUNCTIONAL RESPONSIBILITIES:**

* Develop, configure, implement and support SAP's solutions.
* Debug and implement enhancements in existing applications.
* Working knowledge on cross applications like EDI/ IDOCS.
* Perform performance tuning to improve performance over multiple functions
* Participate as a high\\-level technical expert in design, development, coding, documenting, testing and debugging existing or new applications.
* Create prototypes and mock\\-ups.
* Engage other technical team members in the design, delivery, and deployment of solutions.
* Resolve customer issues.
* Participate in estimation and project planning.
* Report assigned tasks periodically to supervisor.
* Periodic project management meetings.

**ESSENTIAL QUALIFICATIONS AND SKILLS: (Overall experience and years of experience in particular skill)**

* Educational attainment equivalent to a bachelor’s degree in Computer Science, Information Systems or a related field
* Familiarity with Module pool, UI5/Fiori, Smart Forms, BADI’s, BAPI’s \\& User Exits
* Knowledge of EDI \\& Business Intelligence tools are a plus

**PREFERRED QUALIFICATIONS AND SKILLS:**

* Considerable knowledge and understanding of SAP development technologies such as ABAP \\& SQL and front\\-end technologies like HTML5 \\& JavaScript (5 years)
* Strong object orientation experience
* SAP Fiori development experience is required (1 year)
* Gateway development
* Strong communication skills
* Considerable knowledge of business and manufacturing applications and system requirements
* Knowledge of systems analysis and design
* Strong analytical skills and ability to write technical specifications.
* Ability to lead and facilitate technical discussions.
* Ability to evaluate project requests, provide solutions with time estimates, and follow through and complete projects accurately and on a timely basis.
* Ability to work independently and as a team member in completing assignments.
* SAP Certifications is a big plus
* CPI\\-DS, RTI, JITTERBIT development, integration and monitoring knowledge will have added advantage.

**Company: Behr Paint Company**
-------------------------------


Full time**Our Ongoing Commitment to Diversity, Equity \\& Inclusion**

We believe a workplace that encourages and values different voices, perspectives, and backgrounds builds better teams, better solutions, and more innovation. The goal is for every single team member to have a voice and experience a sense of belonging here, regardless of where they sit in the organization and what their background is. We look forward to your sharing your outstanding and unique talents and perspectives with us!

*BEHR* *(the “Company”) is an equal opportunity employer and we want to have the best available persons in every job. The Company makes employment decisions only based on merit. It is the Company’s policy to prohibit discrimination in any employment opportunity (including but not limited to recruitment, employment, promotion, salary increases, benefits, termination and all other terms and conditions of employment) based on race, color, sex, sexual orientation, gender, gender identity, gender expression, genetic information, pregnancy, religious creed, national origin, ancestry, age, physical/mental disability, medical condition, marital/domestic partner status, military and veteran status, height, weight or any other such characteristic protected by federal, state or local law. The Company is committed to complying with all applicable laws providing equal employment opportunities. This commitment applies to all persons involved in the operations of the Company regardless of where the employee is located and prohibits unlawful discrimination by any employee of the Company.*

*BEHR* *is an E\\-Verify employer. E\\-Verify is an Internet based system operated by the Department of Homeland Security (DHS) in partnership with the Social Security Administration (SSA) that allows participating employers to electronically verify the employment eligibility of their newly hired employees in the United States. Please click on the following links for more information.*

*E\\-Verify Participation Poster:*English \\& Spanish  

*E\\-Verify Right to Work Poster:*English \\& Spanish","","https://www.glassdoor.co.in/Overview/W-EI_IE9542.htm","https://media.glassdoor.com/sql/9542/the-behr-paint-company-squarelogo-1580486072798.png","","","","",""
"gd-1009076874060","glassdoor","https://www.glassdoor.co.in/job-listing/j?jl=1009076874060","","Software Engineer","PhonePe","Pune","2024-01-17","","","","","","",False,"","","organic","","**About PhonePe Group:**



PhonePe is India’s leading digital payments company with 50 crore (500 Million) registered users and 3\\.7 crore (37 Million) merchants covering over 99% of the postal codes across India. On the back of its leadership in digital payments, PhonePe has expanded into financial services (Insurance, Mutual Funds, Stock Broking, and Lending) as well as adjacent tech\\-enabled businesses such as Pincode for hyperlocal shopping and Indus App Store which is India's first localized App Store. The PhonePe Group is a portfolio of businesses aligned with the company's vision to offer every Indian an equal opportunity to accelerate their progress by unlocking the flow of money and access to services.


**Culture**



At PhonePe, we take extra care to make sure you give your best at work, Everyday! And creating the right environment for you is just one of the things we do. We empower people and trust them to do the right thing. Here, you own your work from start to finish, right from day one. Being enthusiastic about tech is a big part of being at PhonePe. If you like building technology that impacts millions, ideating with some of the best minds in the country and executing on your dreams with purpose and speed, join us!



**Challenges**



Building for Scale, Rapid Iterative Development, and Customer\\-centric Product Thinking at each step defines every day for a developer at PhonePe. Though we engineer for a 50million\\+ strong user base, we code with every individual user in mind. While we are quick to adopt the latest in Engineering, we care utmost for security, stability, and automation. Apply if you want to experience the best combination of passionate application development and product\\-driven thinking


**As a Software Engineer:**


* You will build Robust and scalable web\\-based applications You will need to think of platforms \\& reuse


* Build abstractions and contracts with separation of concerns for a larger scope


* Drive problem\\-solving skills for high\\-level business and technical problems.


* Do high\\-level design with guidance; Functional modeling, break\\-down of a module


* Do incremental changes to architecture: impact analysis of the same


* Do performance tuning and improvements in large scale distributed systems


* Mentor young minds and foster team spirit, break down execution into phases to bring predictability to overall execution


* Work closely with Product Manager to derive capability view from features/solutions, Lead execution of medium\\-sized projects


* Work with broader stakeholders to track the impact of projects/features and proactively iterate to improve them As a senior software engineer you must have


* Extensive and expert programming experience in at least one general programming language (e.g. Java, C, C\\+\\+) \\& tech stack to write maintainable, scalable, unit\\-tested code.


* Experience with multi\\-threading and concurrency programming


* Extensive experience in object\\-oriented design skills, knowledge of design patterns, and huge passion and ability to design intuitive module and class\\-level interfaces


* Excellent coding skills – should be able to convert the design into code fluently


* Knowledge of Test Driven Development


* Good understanding of databases (e.g. MySQL) and NoSQL (e.g. HBase, Elasticsearch, Aerospike, etc)


* Strong desire to solving complex and interesting real\\-world problems


* Experience with full life cycle development in any programming language on a Linux platform


* Go\\-getter attitude that reflects in energy and intent behind assigned tasks


* Worked in a startups environment with high levels of ownership and commitment


* BTech, MTech, or Ph.D. in Computer Science or related technical discipline (or equivalent).


* Experience in building highly scalable business applications, which involve implementing large complex business flows and dealing with a huge amount of data.


* 3 \\+ years of experience in the art of writing code and solving problems on a Large Scale.


* An open communicator who shares thoughts and opinions frequently listens intently and takes constructive feedback.


**As a Software Engineer, good to have**


* The ability to drive the design and architecture of multiple subsystems


* Ability to break\\-down larger/fuzzier problems into smaller ones in the scope of the product


* Understanding of the industry’s coding standards and an ability to create appropriate technical documentation.


**PhonePe Full Time Employee Benefits (Not applicable for Intern or Contract Roles)**


* **Insurance Benefits \\-** Medical Insurance, Critical Illness Insurance, Accidental Insurance, Life Insurance
* **Wellness Program \\-** Employee Assistance Program, Onsite Medical Center, Emergency Support System
* **Parental Support \\-** Maternity Benefit, Paternity Benefit Program, Adoption Assistance Program, Day\\-care Support Program
* **Mobility Benefits \\-** Relocation benefits, Transfer Support Policy, Travel Policy
* **Retirement Benefits \\-** Employee PF Contribution, Flexible PF Contribution, Gratuity, NPS, Leave Encashment
* **Other Benefits \\-** Higher Education Assistance, Car Lease, Salary Advance Policy


***Working at PhonePe is a rewarding experience! Great people, a work environment that thrives on creativity, the opportunity to take on roles beyond a defined job description are just some of the reasons you should work with us. Read more about PhonePe*** ***on our blog******.***","","https://www.glassdoor.co.in/Overview/W-EI_IE2289138.htm","https://media.glassdoor.com/sql/2289138/phonepe-squareLogo-1657272795056.png","","","","",""
"gd-1009020220782","glassdoor","https://www.glassdoor.co.in/job-listing/j?jl=1009020220782","","Software Engineer","PhonePe","Pune","2023-12-09","","direct_data","yearly",148000.0,960000.0,"INR",False,"","","organic","","**About PhonePe Group:**



PhonePe is India’s leading digital payments company with 50 crore (500 Million) registered users and 3\\.7 crore (37 Million) merchants covering over 99% of the postal codes across India. On the back of its leadership in digital payments, PhonePe has expanded into financial services (Insurance, Mutual Funds, Stock Broking, and Lending) as well as adjacent tech\\-enabled businesses such as Pincode for hyperlocal shopping and Indus App Store which is India's first localized App Store. The PhonePe Group is a portfolio of businesses aligned with the company's vision to offer every Indian an equal opportunity to accelerate their progress by unlocking the flow of money and access to services.


**Culture**



At PhonePe, we take extra care to make sure you give your best at work, Everyday! And creating the right environment for you is just one of the things we do. We empower people and trust them to do the right thing. Here, you own your work from start to finish, right from day one. Being enthusiastic about tech is a big part of being at PhonePe. If you like building technology that impacts millions, ideating with some of the best minds in the country and executing on your dreams with purpose and speed, join us!

  

**Challenges**



Building for Scale, Rapid Iterative Development, and Customer\\-centric Product Thinking at each step defines every day for a developer at PhonePe. Though we engineer for a 50 million\\+ strong user base, we code with every individual user in mind. While we are quick to adopt the latest in Engineering, we care utmost for security, stability, and automation. Apply if you want to experience the best combination of passionate application development and product\\-driven thinking.


**Role \\& Responsibilities**


* Build Robust and scalable web\\-based applications. You will need to think of platforms \\& reuse.
* Build abstractions and contracts with separation of concerns for a larger scope.
* Drive problem\\-solving skills for high\\-level business and technical problems.
* Do high\\-level design with guidance; Functional modelling, break\\-down of a module.
* Do incremental changes to architecture: impact analysis of the same.
* Do performance tuning and improvements in large scale distributed systems.
* Mentor young minds and foster team spirit, break down execution into phases to bring predictability to overall execution.
* Work closely with Product Manager to derive capability views from features/solutions, Lead execution of medium\\-sized projects.
* Work with broader stakeholders to track the impact of projects/features and proactively iterate to improve them.


**Requirements\\-**


* 5 years of experience in the art of writing code and solving problems on a Large Scale (FinTech experience preferred).
* B.Tech, M.Tech, or Ph.D. in Computer Science or related technical discipline (or equivalent).
* Excellent coding skills – should be able to convert the design into code fluently. Experience in at least one general programming language (e.g. Java, C, C\\+\\+) \\& tech stack to write maintainable, scalable, unit\\-tested code.
* Experience with multi\\-threading, concurrency programming, object\\-oriented design skills, knowledge of design patterns, and huge passion and ability to design intuitive modules, class\\-level interfaces and knowledge of Test driven development.
* Good understanding of databases (e.g. MySQL) and NoSQL (e.g. HBase, Elasticsearch, Aerospike, etc).
* Experience in full life cycle development in any programming language on a Linux platform and building highly scalable business applications, which involve implementing large complex business flows and dealing with a huge amount of data.
* Strong desire for solving complex and interesting real\\-world problems.
* Go\\-getter attitude that reflects in energy and intent behind assigned tasks
* An open communicator who shares thoughts and opinions frequently listens intently and takes constructive feedback.
* Ability to drive the design and architecture of multiple subsystems.
* Ability to break\\-down larger/fuzzier problems into smaller ones in the scope of the product
* Understanding of the industry’s coding standards and an ability to create appropriate technical documentation.
 **PhonePe Full Time Employee Benefits (Not applicable for Intern or Contract Roles)**


* **Insurance Benefits \\-** Medical Insurance, Critical Illness Insurance, Accidental Insurance, Life Insurance
* **Wellness Program \\-** Employee Assistance Program, Onsite Medical Center, Emergency Support System
* **Parental Support \\-** Maternity Benefit, Paternity Benefit Program, Adoption Assistance Program, Day\\-care Support Program
* **Mobility Benefits \\-** Relocation benefits, Transfer Support Policy, Travel Policy
* **Retirement Benefits \\-** Employee PF Contribution, Flexible PF Contribution, Gratuity, NPS, Leave Encashment
* **Other Benefits \\-** Higher Education Assistance, Car Lease, Salary Advance Policy


***Working at PhonePe is a rewarding experience! Great people, a work environment that thrives on creativity, the opportunity to take on roles beyond a defined job description are just some of the reasons you should work with us. Read more about PhonePe*** ***on our blog******.***","","https://www.glassdoor.co.in/Overview/W-EI_IE2289138.htm","https://media.glassdoor.com/sql/2289138/phonepe-squareLogo-1657272795056.png","","","","",""
"go-oUZgmPPMQ2GPv4zoAAAAAA==","google","https://in.linkedin.com/jobs/view/ion-group-senior-software-engineer-c-c-at-ion-trading-india-pvt-ltd-4164130976?utm_campaign=google_jobs_apply&utm_source=google_jobs_apply&utm_medium=organic","","ION Group - Senior Software Engineer - C/C","ion trading india pvt. ltd.","Pune, Maharashtra","2025-02-26","","","","","","",True,"","","","","Position: Senior Software Engineer - C/C

Location: Pune

Company: ION Corporates Development

Employment Type: Full-time

Work Arrangement: On-site

The Role

As a Senior Software Engineer, you will play a crucial role in designing, developing, and maintaining our commodity/energy production, trading, and logistics products, in an agile environment. You will be responsible for collaborating with cross-functional teams, developers, product managers to deliver high-quality software solutions. You are expected to implement best practices in coding, testing, and deployment, ensuring scalability, performance, and security. Strong problem-solving skills, excellent communication, and the ability to adapt to new challenges in a fast-paced environment is essential for this role.

Key Responsibilities
• Design and develop software utilizing common coding standards and design patterns for APIs and interfaces in a variety of languages - C/C , Java and/or C#
• Diagnose and debug new and existing software as part of our extensive trading system using Microsoft Visual Studio and other modern debugging tools
• Interact with the business experts and customers to understand the end user requirements and collaborate within engineering teams to build robust solutions
• Collaborate with local and remote team members across different time-zones
• Promote best practices in coding, design, and architecture
• Contribute to developing and refining development processes to enhance quality and productivity
• Coach and mentor junior members of the team
• Participate in architecture discussions to share experiences and provide advice
• Participate in stakeholder and customer conversations and demonstrations

Required Skills, Experience, and Qualifications:
• BE/BTech or MS degree in Computer Science from a reputed university
• 6 years of hands-on experience in coding and designing complex, enterprise, applications
• Strong programming skills in C/C
• Experience developing and working with databases (Oracle, MSSQL)
• Strong development experience using design patterns, object-oriented design, and SOLID principals
• Strong analytical and problem-solving skills
• Excellent communication skills
• Experience working in an agile team setting across different time-zones and countries
• Ability to coach and mentor junior members of the team
• Passion for excellence and high-quality delivery

Preferred:
• Java and/or C# .NET experience is a plus
• Experience with developing financial or commodity/energy trading software is a plus
• Experience with Endur/Findur, OpenJVS, OpenComponents is a plus

About Us:

Were a diverse group of visionary innovators who provide trading and workflow automation software, high-value analytics, and strategic consulting to corporations, central banks, financial institutions, and governments. Founded in 1999, weve achieved tremendous growth by bringing together some of the best and most successful financial technology companies in the world.
• Over 2,000 of the worlds leading corporations, including 50 PERCENT of the Fortune 500 and 30 PERCENT of the worlds central banks, trust ION solutions to manage their cash, in-house banking, commodity supply chain, trading and risk.
• Over 800 of the worlds leading banks and broker-dealers use our electronic trading platforms to operate the worlds financial market infrastructure.

ION is a rapidly expanding and dynamic group with 13,000 employees and offices in more than 40 cities around the globe,

Our ever-expanding global footprint, cutting edge products, and over 40,000 customers worldwide provide an unparalleled career experience for those who share our vision.","","","","","","","",""
"go-TWRuac7T9cU0rGrbAAAAAA==","google","https://jobs.citi.com/job/pune/software-development-engineer-in-test-sdet-c12-pune/287/77940262784?utm_campaign=google_jobs_apply&utm_source=google_jobs_apply&utm_medium=organic","","Software Development Engineer in Test (SDET) - C12 - PUNE","Citi","Pune, Maharashtra","2025-02-25","fulltime","","","","","",False,"","","","","The Software Development Engineer in Test (SDET) plays a strategic role in delivering high-quality software through advanced automation and full-stack development expertise. The SDET is expected to have deep product knowledge and a comprehensive understanding of application design, architecture, and interfaces. This role requires a mid-level to senior Java developer with strong full-stack experience and in-depth product knowledge, actively contributing as a Solution Engineer in major projects and releases. SDETs are responsible for providing technical solutions to automate early and significantly reduce the testing window, focusing on end-to-end (E2E) and functional integration testing along critical paths.

Key Responsibilities

Product and Application Expertise
• Develop a deep understanding of product functionality, system architecture, and user workflows.
• Analyze system design and interfaces to identify and implement optimal testing strategies.

Solution Engineering and Automation Strategy
• Act as a Solution Engineer in major projects and releases, delivering technical solutions to enable early automation and reduce the testing window.
• Design E2E and functional integration automation solutions focused on critical path testing.

Automation Framework Development
• Develop and maintain scalable, reusable automation frameworks for UI, API, and backend testing.
• Integrate automated tests into CI/CD pipelines for continuous quality validation.

Full-Stack Quality Engineering
• Collaborate with development teams to test full-stack features across frontend, backend, and databases.
• Write high-quality, maintainable code for automated tests in Java and related technologies.

Test Strategy and Execution
• Define and execute testing strategies that ensure comprehensive coverage of business-critical workflows.
• Implement non-functional testing, including load, scalability, and security testing using tools like JMeter and Chaos Engineering practices.

Defect Prevention and Resolution
• Proactively identify potential quality issues and contribute to early defect prevention.
• Collaborate closely with developers to resolve defects efficiently.

Continuous Improvement
• Analyze test execution results to drive continuous improvements in product quality and testing processes.
• Research and implement innovative testing tools and techniques to enhance automation.

Collaboration and Agile Practices
• Fully engage in Agile ceremonies (sprint planning, stand-ups, retrospectives) to align testing efforts with development goals.
• Work closely with Product Owners and Business Analysts to validate and automate critical user stories.

Required Skills and Competencies
• Proficiency in Java with strong full-stack development capabilities and in-depth product knowledge.
• Extensive experience with test automation tools and frameworks (e.g., Selenium, RestAssured, JUnit, TestNG, Cucumber).
• Expertise in E2E, functional integration testing, and testing RESTful APIs and microservices.
• Familiarity with CI/CD tools (e.g., Jenkins, GitLab CI/CD, Docker, Kubernetes).
• Strong problem-solving skills with a focus on delivering technical automation solutions.
• Knowledge of non-functional testing tools (e.g., JMeter, Chaos Engineering) and security testing practices.

Experience:
• 5-8 years experience in an IT Quality role and minimum of 3 years experience as SDET

Education:
• Bachelor’s/University degree or equivalent experience

------------------------------------------------------

Job Family Group:
Technology

------------------------------------------------------

Job Family:
Technology Quality

------------------------------------------------------

Time Type:
Full time

------------------------------------------------------

Citi is an equal opportunity and affirmative action employer.

Qualified applicants will receive consideration without regard to their race, color, religion, sex, sexual orientation, gender identity, national origin, disability, or status as a protected veteran.

Citigroup Inc. and its subsidiaries (""Citi”) invite all qualified interested applicants to apply for career opportunities. If you are a person with a disability and need a reasonable accommodation to use our search tools and/or apply for a career opportunity review Accessibility at Citi.

View the ""EEO is the Law"" poster. View the EEO is the Law Supplement.

View the EEO Policy Statement.

View the Pay Transparency Posting","","","","","","","",""
"go-X9vCkGM-k7IJ9lsxAAAAAA==","google","https://in.linkedin.com/jobs/view/specialist-software-engineer-net-fullstack-%2B-aws-at-nice-4162970156?utm_campaign=google_jobs_apply&utm_source=google_jobs_apply&utm_medium=organic","","Specialist Software Engineer (.NET Fullstack + AWS)","NICE","Pune, Maharashtra","2025-02-25","","","","","","",True,"","","","","So, what’s the role all about?

We are looking for an experienced Senior Software Engineer to join our growing team of highly skilled engineers working on a variety of applications and services to support our omni-channel, proactive communication platform. You will be working in multidisciplinary team with other professionals delivering high quality and secure software within an Agile delivery framework. The role will be based in Pune, India. Extensive collaboration and communication with US based teams will be a key part of the job, so excellent communication skills are critical.

How will you make an impact?
• Write, test and maintain code which adheres to internal guidelines and industry best practices.
• Responsible for delivering feature(s) independently of high quality.
• Contributes actively to low level design definitions.
• Ensure applications are built to modern security standards.
• Write reusable code and libraries.
• Write automated tests to ensure code has the appropriate level of test coverage.
• Take part in code reviews (as reviewer and reviewee).
• Participate and contribute in team Scrum ceremonies.
• Create and maintain the required documentation.
• Is a team player

Have you got what it takes?
• 10+ years of software development experience.
• 6+ years of strong C# experience, including OOP and modern design patterns.
• Expertise in .NET Core and Microservices development.
• Experience in designing and building web-based products using .NET Core.
• Strong relational database skills, with proficiency in writing and troubleshooting SQL.
• Proficient in writing testable, reusable code and developing scalable applications.
• Experience writing Unit Test cases (Backend and UI).
• Hands-on experience with CI/CD, Git, GitHub Actions, and Jenkins for pipeline deployments.
• Experience with AWS technologies (CloudFront, S3, etc.).
• UI development experience with Angular, Angular Material, HTML5, and CSS3 is a plus.
• Excellent communication, analytical, and problem-solving skills.
• Familiarity and/or experience with public cloud infrastructures and technologies such as Amazon Web Services (AWS)

What’s in it for you?

Join an ever-growing, market disrupting, global company where the teams – comprised of the best of the best – work in a fast-paced, collaborative, and creative environment! As the market leader, every day at NICE is a chance to learn and grow, and there are endless internal career opportunities across multiple roles, disciplines, domains, and locations. If you are passionate, innovative, and excited to constantly raise the bar, you may just be our next NICEr!

Enjoy NICE-FLEX!

At NICE, we work according to the NICE-FLEX hybrid model, which enables maximum flexibility: 2 days working from the office and 3 days of remote work, each week. Naturally, office days focus on face-to-face meetings, where teamwork and collaborative thinking generate innovation, new ideas, and a vibrant, interactive atmosphere.

Reporting into: Tech Manager, Engineering, CX

Role Type: Individual Contributor","","","","","","","",""
"go-m0L0o8Rk4b3xCFx1AAAAAA==","google","https://jobs.siemens.com/careers/job/563156123571441-software-engineer-full-stack-developer-net-pune-maharashtra-india?domain=siemens.com&microsite=siemens.com&utm_campaign=google_jobs_apply&utm_source=google_jobs_apply&utm_medium=organic","","Software Engineer -  Full Stack Developer, .NET","Siemens","Pune, Maharashtra","2025-02-20","","","","","","",False,"","","","","Would you like to be a part of a global company? 

Our Software R&D activities focused on the varied fields of electrification, automation and digitalization, provides end-to-end support to our global customers on their unique digital transformation journey by conceptualizing and implementing services for the Siemens Xcelerator.

We aim to increase our strength on solution and product development with world class SW development experts. We turn data into actionable insights for smarter decisions.

We empower our people to stay resilient and relevant in a constantly changing world. We’re looking for people who are always searching for creative ways to grow and learn. People who want to make a real impact, now and in the future.

About the role:

We are looking for a Full-Stack Developer with expertise in .NET Core, Java Spring Boot, and cloud-based application development. The ideal candidate should have experience working with React/Angular/Node.js on the frontend and cloud platforms such as Azure or AWS. This role requires a strong understanding of modern software architectures, DevOps principles, and containerization technologies.

Key Responsibilities:
• Design, develop, modify, and implement high-quality software solutions.
• Build and maintain cloud-based applications using C#/.NET Core or Java Spring Boot.
• Develop frontend applications using React, Angular, or Node.js.
• Work with cloud platforms (Azure, AWS) to ensure scalability, security, and performance.
• Implement containerization technologies like Docker and Kubernetes.
• Apply DevOps principles for automated deployments and infrastructure optimization.
• Ensure security best practices are followed in cloud-based applications.
• Focus on customer expectations, quality, and timely delivery.
• Guide and mentor junior engineers, acting as a technical lead when necessary.
• Work in an Agile (Scrum) environment, contributing to team success.

Mandatory Requirements:
• 4 to 8 years of hands-on experience in software development.
• Proficiency in C#/.NET Core or Java Spring Boot.
• Experience with React, Angular, or Node.js.
• Openness and ability to switch between .NET and Java when needed.
• Strong understanding of cloud concepts and cloud-based application development.

Good to Have:
• Exposure to multiple cloud platforms like Azure, AWS, and open-source cloud components.
• Hands-on experience with Docker, Kubernetes, Terraform, and Python.
• Familiarity with frontend technologies like TypeScript, JavaScript, HTML, and CSS.

Preferred Skills & Attributes:
• Strong understanding of modern software architectures and DevOps principles.
• Experience with cloud deployments, scalability, and performance optimization.
• Ability to analyze complex problems and deliver effective solutions.
• Excellent communication and teamwork skills to collaborate across teams and geographies.
• Self-motivated and able to work independently on complex projects.

Working at Siemens Software

We offer great benefits and rewards, as you'd expect from a world leader in industrial software.

We offer great benefits you'd expect from a world leader in industrial software.

We are an equal-opportunity employer and value diversity at our company. We do not discriminate on the basis of race, religion, color, national origin, sex, gender, gender expression, sexual orientation, age, marital status, veteran status, or disability status.

Siemens Software, Transform the everyday with us !

#LI-PLM

#LI-Hybrid

#LI-JS3

#SWSaaS

#SiemensXcelerator

#DigitalTransformation

#Innovation

#IoT

#Industry40

#Automation

#SmartInfrastructure

#FutureOfWork","","","","","","","",""
"go-n2SOv0IM97DlEitUAAAAAA==","google","https://careers.mastercard.com/us/en/job/R-212703/Senior-Software-Engineer-Priceless-Platform-Pune-India?utm_campaign=google_jobs_apply&utm_source=google_jobs_apply&utm_medium=organic","","Senior Software Engineer, Priceless Platform, Pune, India","Mastercard","Pune, Maharashtra","2025-02-16","","","","","","",False,"","","","","Our Purpose

We work to connect and power an inclusive, digital economy that benefits everyone, everywhere by making transactions safe, simple, smart and accessible. Using secure data and networks, partnerships and passion, our innovations and solutions help individuals, financial institutions, governments and businesses realize their greatest potential. Our decency quotient, or DQ, drives our culture and everything we do inside and outside of our company. We cultivate a culture of inclusion for all employees that respects their individual strengths, views, and experiences. We believe that our differences enable us to be a better team – one that makes better decisions, drives innovation and delivers better business results.

Title and Summary

Senior Software Engineer, Priceless Platform, Pune, India

Overview
Come talk to us, if you are interested in scaling an AWS based global platform, and if you are a fantastic software engineer with experience in designing, coding and operating world-class distributed systems, and want to work in a high-growth, fast-paced startup like organization within Mastercard.
The Priceless Platform was created by a Silicon Valley startup that Mastercard acquired. We are experiencing significant growth, and we are looking for seasoned engineers in Pune, India, with experience and passion scaling an AWS cloud and cloud native platform.
An e-commerce like workflow platform, Priceless Platform is Mastercard’s premium B2B2C platform. It delivers experiences and benefits to banks and partners globally, for their customers. Even after becoming part of Mastercard, we continue to run at high velocity, and drive impact. Our portfolio is expanding significantly, and we need to flawlessly execute to grow the business, while also designing and building for scale.
The Role
We are looking for multiple positions – with a focus on development, operations, DevOps, Automation and SRE experience.
As a Senior Software Engineer at Priceless Platform, you will be responsible for designing, developing, testing, delivering, and monitoring scalable and secure cloud architectures, using various AWS cloud and cloud native platforms, such as EC2, ECS, S3, RDS. You will need to improve and expand the existing Priceless platform, as well as extend the platform using sidecar services or other microservices, using AWS, open source, and in-house developed capabilities. You will need to ensure that our platform is resilient, secure, high performance and cost-efficient, as we scale it globally in more countries.
You have experience in one or more of the following areas. But more importantly, you are truly passionate and care deeply about building amazing software, focusing on – UI/UX, mobile development, full-stack engineering, scaled backend, API design, SRE, Test Automation, and managing/administering large scale Databases.
Your expertise and passion in building, testing and deploying high performant front ends, scale out distributed systems, cloud-native platforms that surprise and delight our customers. Your experience in designing and coding robust system designs will be essential in delivering reliable, secure, and scalable platforms. This role is based out of our Mastercard location in Pune, India.

Responsibilities
• Contribute to all parts of software development and deployment lifecycle, including design, development, documentation, testing, monitoring, and operations.
• Dive technical conversations and decisions making in product and infrastructural aspects end-to-end.
• Build software and services. Build automation tests. Build monitoring infrastructure and deployment infrastructure. You are hands-on, but can also do system design.
• Work with other engineers, perform design reviews and code reviews to ensure high-quality software development, foster a culture of collaboration and continuous improvement within the team.
• Collaborate with cross-functional engineers to build new features at large-scale, while improving internal engineering standards, tooling, and automation processes.
• Build mobile and web- friendly pages and APIs.
• Implement DevSecOps practices, integrate security throughout the software development lifecycle, ensure compliance and protect software systems.
• Ensure observability through effective logging, monitoring, and alerting mechanisms for system health and performance.
• Partner with platform engineering leads to support in regulating cloud infrastructure, reduce operational cost and simplify vendor management.
• Makes recommendations to improve the process efficiency and effectiveness of platform reliability and operations.
• Thrive in a fast-paced startup environment, adapting quickly to changing requirements.
• Stay updated with open-source emerging technologies and industry trends.
• Emulate and drive Mastercard Way behaviors through collaborative behaviors, recognitions, coaching, and employee engagement.

We are looking for someone who meets the following requirements:
Requirements:
• Strong working experience in at least two of the technologies in – PHP, Python, React, Golang and Java
• Experience with concurrency and memory management.
• Responsive web development, with professional React/Angular experience and advanced JavaScript proficiency.
• Experience with SQL and NO SQL databases like MySQL, Postgres, MongoDb etc..
• Cloud Native Application Development
• Event driven microservices with popular messaging frameworks like Kafka, RabbitMQ, etc.
• Strong troubleshooting skills
• Ability to work effectively and collaboratively with a team in Pune and a global team in US.
• Preferred experiences:
o Public Cloud Environments
o Serverless Application Development
o Multi Region Code deployments
o Distributed Databases experience
o In memory cache implementations

Corporate Security Responsibility

All activities involving access to Mastercard assets, information, and networks comes with an inherent risk to the organization and, therefore, it is expected that every person working for, or on behalf of, Mastercard is responsible for information security and must:
• Abide by Mastercard’s security policies and practices;
• Ensure the confidentiality and integrity of the information being accessed;
• Report any suspected information security violation or breach, and
• Complete all periodic mandatory security trainings in accordance with Mastercard’s guidelines.","","","","","","","",""
"go-HWD6Rz8_5beoug_1AAAAAA==","google","https://in.linkedin.com/jobs/view/senior-product-software-engineer-ui-developer-reactjs-at-wolters-kluwer-4168439359?utm_campaign=google_jobs_apply&utm_source=google_jobs_apply&utm_medium=organic","","Senior Product Software Engineer (UI Developer) - ReactJs","Wolters Kluwer","Pune, Maharashtra","2025-02-13","","","","","","",False,"","","","","Role: Senior Product Software Engineer (UI Developer)

Qualification: B.E/B.Tech. (Computer), MCA

Experience: 5-10 Years

Key Skills:
• Frontend Frameworks: AngularJS, Angular 2+, React.js
• Web Technologies: HTML, CSS, JavaScript, TypeScript
• Backend & API Integration: Node.js, RESTful APIs
• Cloud & DevOps: AWS, Docker, Kubernetes, CI/CD (Jenkins, GitHub Actions, GitLab CI)
• Security & Logging: Security Best Practices, Kibana
• Version Control & Build Tools: GitHub/GitLab
• Testing: JUnit, Jest, Cypress

Mandatory Skills:
• Strong experience in React.js and NodeJS
• Proficiency in HTML, CSS, and JavaScript/TypeScript
• Hands-on experience with AWS, Docker, and CI/CD pipelines
• Knowledge of Security best practices (e.g., authentication, authorization, secure coding)
• Strong experience in Unit Testing and Logging frameworks

Job Description:
• Develop and maintain modern UI applications using React.js and NodeJS
• Implement security best practices for web applications, including authentication and authorization mechanisms
• Work with Kibana for log analysis and monitoring
• Optimize UI performance and ensure cross-browser compatibility
• Set up CI/CD pipelines for seamless deployments using AWS services, Docker, and Kubernetes
• Deploy and manage frontend applications in AWS cloud environments
• Participate in Agile development, peer code reviews, and sprint planning

Preferred Candidates: Those with strong UI expertise, a deep understanding of frontend frameworks, and experience working with modern cloud-based applications.","","","","","","","",""
"go-4Gr7pmKI5Jn8cLQNAAAAAA==","google","https://in.linkedin.com/jobs/view/specialist-i-software-engineering-ms-net-at-ust-4165448123?utm_campaign=google_jobs_apply&utm_source=google_jobs_apply&utm_medium=organic","","Specialist I - Software Engineering (MS.Net)","UST","Pune, Maharashtra","2025-02-12","","","","","","",False,"","","","","Role Description

Job Description:
• 8 to 10 years of strong technical experience with systems using .Net systems/applications.
• Strong technical expertise and work experience in .Net, .Net Core & C#
• Excellent understanding in WebAPI, REST, SOAP and HTTP protocols.
• Strong database SQL Server skills writing performant queries, Stored procedures and SQL optimization techniques.
• Good understanding and expertise in ASP.NET MVC/Angular/React JS/ JavaScript/jQuery/HTML/CSS-like front-end technologies .
• Ability to understand customer business and assess the criticality of their needs and requests.
• Excellent verbal and written communication skills.
• Strong analytical and Problem-solving skills.
• Manage and mentor team members using an offshore/onsite working model.

Skills

C# .Net,.Net Core,Webapi,Restful Api","","","","","","","",""
"go-Vf0tZd7_iHfFviHhAAAAAA==","google","https://in.linkedin.com/jobs/view/principle-engineer-at-corporate-company-4165430960?utm_campaign=google_jobs_apply&utm_source=google_jobs_apply&utm_medium=organic","","Principle Engineer","Corporate Company","Pune, Maharashtra","2025-02-11","","","","","","",False,"","","","","Principal Engineer","","","","","","","",""
"go--WOe2-E_9jODobgRAAAAAA==","google","https://in.linkedin.com/jobs/view/software-developer-%E2%80%93-office-add-ins-at-micro1-4168374714?utm_campaign=google_jobs_apply&utm_source=google_jobs_apply&utm_medium=organic","","Software Developer – Office Add-ins","micro1","Pune, Maharashtra","2025-02-07","contract","","","","","",False,"","","","","Job Title: Senior Office Add-in Developer (Contractor)

Job Type: Contract

Location: Hybrid Bangalore, Pune and Delhi

About Us:

Our mission at micro1 is to match the most talented people in the world with their dream jobs. If you are looking to be at the forefront of AI innovation and work with some of the fastest growing companies in Silicon Valley, we invite you to apply for a role. By joining the micro1 community, your resume will become visible to top industry leaders, unlocking access to the best career opportunities on the market.

Job Summary:

We are seeking a talented Office Add-in Developer to join our innovative team. As an expert in Office Add-ins, you will drive the development and enhancement of custom solutions to optimize the functionality and user experience of Office applications. This is a full-time role that offers a hybrid work environment in the vibrant city of Bangalore.

Key Responsibilities:

• Design, develop, and maintain Office Add-ins to meet user requirements and enhance functionality.

• Collaborate with cross-functional teams to integrate Office Add-ins with other applications and systems.

• Conduct testing and debugging to ensure high-quality deliverables.

• Document processes and provide detailed written and verbal instructions for end-users and technical teams.

• Stay updated with the latest Office Add-in technologies and implement best practices.

• Provide support and troubleshooting for existing Office Add-ins.

• Contribute to the continuous improvement of development processes and tools.

Required Skills and Qualifications:

• Proven experience in developing Office Add-ins with a strong portfolio of projects.

•Proven experience in developing Office Add-ins – web add-ins and/or VSTO .NET add-ins in C#

• Excellent written and verbal communication skills.

• Strong understanding of Office applications and their extensibility options.

• Proficient in programming languages relevant to Office Add-in development.

• Ability to work collaboratively in a hybrid work setting.

• Strong problem-solving skills and attention to detail.

• Bachelor's degree in Computer Science, Information Technology, or related field.

Preferred Qualifications:

• Experience with cloud-based integration of Office Add-ins.

• Familiarity with Agile development methodologies.

• Certifications in Microsoft Office technologies.","","","","","","","",""
"go-ESH8Hhjx1s0E6u3lAAAAAA==","google","https://search.jobs.barclays/job/pune/software-engineer-permissions/13015/64995557280?utm_campaign=google_jobs_apply&utm_source=google_jobs_apply&utm_medium=organic","","Software Engineer Permissions","Barclays","Pune, Maharashtra","2025-02-04","","","","","","",False,"","","","","Join us as a “Software Engineer Permissions"" at Barclays, where you'll spearhead the evolution of our digital landscape, driving innovation and excellence. You'll harness cutting-edge technology to revolutionise our digital offerings, ensuring unapparelled customer experiences.

You may be assessed on the key critical skills relevant for success in role, such as experience with React, Java, APIs & microservices , PostgreSQL , Policy Management as well as job-specific skillsets.

To be successful as a ""Software Engineer Permissions"", you should have experience with:

Basic/ Essential Qualifications:
• Full stack development with web and mobile front-end technologies e.g React, Java, APIs & microservices.
• Experience in PostgreSQL, data structures, workflow.
• Site Reliability Engineering (automation, observability, incident management, resilience, disaster recovery, high availability, documentation).
• Policy Management (XACML, Open Policy Agent, OPA Gateways, OPA debugging and testing, Rego policy language, Styra DAS).
• Implementation of role-based access control and policy-based access control (Attribute Based Access Control) systems in mandatory access and discretionary access based scenarios. 
• Expertise in coding.

This role will be based out of Pune.

Purpose of the role

To lead and manage engineering teams, providing technical guidance, mentorship, and support to ensure the delivery of high-quality software solutions, driving technical excellence, fostering a culture of innovation, and collaborating with cross-functional teams to align technical decisions with business objectives.

Accountabilities
• Lead engineering teams effectively, fostering a collaborative and high-performance culture to achieve project goals and meet organizational objectives.
• Oversee timelines, team allocation, risk management and task prioritization to ensure the successful delivery of solutions within scope, time, and budget.
• Mentor and support team members' professional growth, conduct performance reviews, provide actionable feedback, and identify opportunities for improvement.
• Evaluation and enhancement of engineering processes, tools, and methodologies to increase efficiency, streamline workflows, and optimize team productivity.
• Collaboration with business partners, product managers, designers, and other stakeholders to translate business requirements into technical solutions and ensure a cohesive approach to product development.
• Enforcement of technology standards, facilitate peer reviews, and implement robust testing practices to ensure the delivery of high-quality solutions.

Assistant Vice President Expectations
• Consult on complex issues; providing advice to People Leaders to support the resolution of escalated issues.
• Identify ways to mitigate risk and developing new policies/procedures in support of the control and governance agenda.
• Take ownership for managing risk and strengthening controls in relation to the work done.
• Perform work that is closely related to that of other areas, which requires understanding of how areas coordinate and contribute to the achievement of the objectives of the organisation sub-function.
• Collaborate with other areas of work, for business aligned support areas to keep up to speed with business activity and the business strategy.
• Engage in complex analysis of data from multiple sources of information, internal and external sources such as procedures and practises (in other areas, teams, companies, etc).to solve problems creatively and effectively.
• Communicate complex information. 'Complex' information could include sensitive information or information that is difficult to communicate because of its content or its audience.
• Influence or convince stakeholders to achieve outcomes.

All colleagues will be expected to demonstrate the Barclays Values of Respect, Integrity, Service, Excellence and Stewardship – our moral compass, helping us do what we believe is right. They will also be expected to demonstrate the Barclays Mindset – to Empower, Challenge and Drive – the operating manual for how we behave.","","","","","","","",""
"go-YN-_hYqsK3tuw9PbAAAAAA==","google","https://careers.mastercard.com/us/en/job/R-235307/Senior-Software-Engineer-1-Java-Full-stack-developer?utm_campaign=google_jobs_apply&utm_source=google_jobs_apply&utm_medium=organic","","Senior Software Engineer-1 (Java Full stack developer)","Mastercard","Pune, Maharashtra","2025-01-30","","","","","","",False,"","","","","Job Title:

Senior Software Engineer-1 (Java Full stack developer)

Overview:

Who is Mastercard?
We work to connect and power an inclusive, digital economy that benefits everyone, everywhere, by making transactions safe, simple, smart, and accessible. Using secure data and networks, partnerships, and passion, our innovations and solutions help individuals, financial institutions, governments, and businesses realize their greatest potential. Our decency quotient, or DQ, drives our culture and everything we do inside and outside of our company. We cultivate a culture of inclusion for all employees that respects their individual strengths, views, and experiences. We believe that our differences enable us to be a better team – one that makes better decisions, drives innovation, and delivers better business results.

Technology at Mastercard
What we create today will define tomorrow. Revolutionary technologies that reshape the digital economy to be more connected and inclusive than ever before. Safer, faster, more sustainable. 
And we need the best people to do it. Technologists who are energized by the challenges of a truly global network. With the talent and vision to create the critical systems and products that power global commerce and connect people everywhere to the vital goods and services they need every day.
Working at Mastercard means being part of a unique culture. Inclusive and diverse, a rich collaboration of ideas and perspectives. A place that celebrates your strengths, values your experiences, and offers you the flexibility to shape a career across disciplines and continents. And the opportunity to work alongside experts and leaders at every level of the business, improving what exists, and inventing what’s next.

About the role
Role:
This position is a member of the STRM - Security Threat and Response Management team which is responsible for security monitoring and response functions for Mastercard, accounting for both physical and cyber security events. Engineer would build new software capabilities, support existing solutions, provide technical oversight and lend its expertise to the program.
• Participate in the gathering of business requirements
• Produce software designs that align with MasterCard’s Enterprise Architecture
and leverage our enterprise services.
• Writes codes that meet MasterCard’s business needs.
• Produces code thar are of high quality standards and is delivered on time.
• Ensure that software and system design and delivery support the goal of zero
down time in production.
• Work closely with business partners on product definition, product roadmaps,
business case development.
• Respond to operational and business concerns or issues relative to future
business programs, projects, or enhancements to ensure consistent delivery of
quality services.
• Collaborates with all stakeholders ( Quality, Product and other Engineering
Teams)
· Estimate and own delivery tasks (design, dev, test, deployment, configuration, documentation)
· Automate build, operate, and run aspects of software
· Drive code/design/process trade-off discussions within their team when required
· Be a voice of the team, performing demos/acceptance discussions with Product owners and confidently communicating elsewhere when needed
· Drive adoption of technology standards and practices and review code, test, and automation work of team members
· Mentor and guide new and less-experienced team members

All about you

· Good oral and written communicator. Explains concepts accurately and well across a range of technical and business domains. Very high level of precision in technical and design discussions. Conveys and communicates ideas in a way that significantly enhances understanding, collaboration, and engagement. Communicates very well across seniority levels, roles, and geographies.
· Highly effective debugging complex issues and relentless in discovering root causes of bugs that span multiple services and product modules.
· Mentors junior engineers and interns to a high level of productivity and independence. Teaches technical and domain knowledge, and best practices. Encourages others to take on additional opportunities and challenges.
· Manage builds and artifacts delivery/release using standard tools. Ability to understand/automate software upgrades, patches, and releases via CI/CD pipelines. Familiarity with application/system metrics collection, observability, and monitoring.
• Strong analytical and problem-solving abilities, with quick adaptation to new
technologies, methodologies, and systems
• High-energy, detailed-oriented, proactive and able to function under pressure in
an independent environment along with a high degree of initiative and self-
motivation to drive results.
• Strong interpersonal, relationship-building with a solid track record for
developing internal and external
• Proficient working and managing Products on with JEE, Java 8 or higher, Spring
Stack, Hibernate, and Database (Oracle,SQL Server, ANy noSQL DB like Redis,
Mongo), React JS or Angular 8 or higher
• Experience in the following a plus:
• Web Services -REST, Tomcat, HTML/ javascript/ JQuery, SharePoint, UNIX (Shell
scripting)
• Experience with various tools( Gradle/ Maven); Orchestration Tools (
Chef/Ansible) ; Jenkins, Sonarcube and methodologies ( Waterfall, Agile )
• Experience of working with different Infrastructure components like Public Cloud
(AWS/ Azure/GCP) , containerisation(Docker, Kubernetes, Open Shift)
• Apply advanced design patterns, Application Programming Interface (API) standards, adoption, and commercialization. Write performant code and debug/troubleshoot complex issues across multi-tiered software architectures. Analyzes/Designs/Implements scalable data retention architectures.
· Leads planning, prioritizing and scoping features, backlog, technical debt, and enhancements for their team, making the right tradeoffs by collaborating with team, business, and management stakeholders. Coordinates with product owners to drive acceptance and signoffs. Understands, reports, and optimizes delivery metrics to continuously improve them (e.g., velocity, throughput, lead time, defect leakage, burndown);","","","","","","","",""
"go-7cQF7eXBbY0SOKWGAAAAAA==","google","https://jobs.siemens.com/careers/job/563156123202927-software-developer-node-js-golang--pune-maharashtra-india?domain=siemens.com&microsite=siemens.com&utm_campaign=google_jobs_apply&utm_source=google_jobs_apply&utm_medium=organic","","Software Developer(Node.js, Golang)","Siemens","Pune, Maharashtra","2025-01-29","","","","","","",False,"","","","","Hello Visionary!

We empower our people to stay resilient and relevant in a constantly changing world. We’re looking for people who are always searching for creative ways to grow and learn. People who want to make a real impact, now and in the future.

Does that sound like you? Then it seems like you’d make a great addition to our vibrant team.

We are looking for a Software Developer (Node.js, Golang).

You’ll make a difference by:

• Having Accountability for designing, developing, enhancing testing and documenting new and modified functionality to support software development.

• Having Good hands on with Node.js development.

• Having Good hands on with Oops concept.

• Reviewing relevant requirements, standards and other documentation to clarify and understand software engineering requirements.

• Contributing to design discussions and in creating Detailed Design requirements based on software functional requirements.

• Providing estimates for modules under development, and estimates own work.

• Executing software (unit and integration) tests.

• Adhering to the software quality process through the execution of module, subsystem and system test procedures.

• Analyzing localization requirements and designs/adapts products and solutions accordingly.

We will prefer candidates with the below skills:

• Node.js, Oops concept.

• AWS Basic.

You’ll win us over by:

• Having An engineering degree B.E/B.Tech/MCA/M.Tech/M.Sc with good academic record.

• 2-4 Years of Relevant experience as a Software Developer.

• Good to have Golang experience.

We’ll support you with:

• Hybrid working Opportunities.

• Diverse and inclusive culture.

• Great variety of learning & development opportunities.

Join us and be yourself!

We value your unique identity and perspective, recognizing that our strength comes from the diverse backgrounds, experiences, and thoughts of our team members. We are fully committed to providing equitable opportunities and building a workplace that reflects the diversity of society. We also support you in your personal and professional journey by providing resources to help you thrive. Come bring your authentic self and create a better tomorrow with us.

Make your mark in our exciting world at Siemens.

This role is based in Pune and is an Individual contributor role. You might be required to visit other locations within India and outside. In return, you'll get the chance to work with teams impacting - and the shape of things to come. We're Siemens. A collection of over 379,000 minds building the future, one day at a time in over 200 countries.

Find out more about Siemens careers at: www.siemens.com/careers","","","","","","","",""
"go-ajugYJuEnxkba9qCAAAAAA==","google","https://careers.scan-group.com/en/postings/4caf13ec-4703-42f9-981c-20f7d9add4f3?utm_campaign=google_jobs_apply&utm_source=google_jobs_apply&utm_medium=organic","","Software Engineer - Java Lead","Scan-Group","Pune, Maharashtra","","fulltime","","","","","",False,"","","","","Software Engineer - Java Lead

Department: Technology

Employment Type: Full Time

Location: Pune

Description

Are you passionate about leading technical teams, solving complex problems and driving innovative solutions?

We are seeking an experienced Java Lead to join our dynamic team and take charge of exciting tech initiatives. As a leader, you will play a critical role in designing and delivering robust Java-based applications that will have a significant impact on our users and clients. If you have a deep expertise in Java development, strong leadership skills and a passion for driving technological change, we would love to hear from you.

What You'll Do...
• Lead and actively participate in team design, peer reviews, code reviews, and coding tasks, ensuring hands-on involvement in development and enhancement activities
• Analyze business requirements, provide effective solutions, and create high-level and detailed design documents while coaching other developers
• Develop, modify, or maintain software code according to functional, non-functional, and technical designs, addressing defects and writing test cases to ensure quality
• Actively engage in documentation and foster a collaborative environment through peer reviews and design discussions
• Provide leadership and technical guidance to the team, helping to develop and share expertise
• Encourage innovation and initiative to add value, cultivating a positive, self-motivated, and proactive work environment
• Adapt to changing priorities and handle multiple tasks efficiently under pressure
• Communicate effectively with both technical and non-technical stakeholders, leading negotiations and ensuring alignment on requirements and solutions

What You'll Need...
• At least 8+ years of experience in Java/J2EE development with a strong background in Core Java, Spring Boot, and Spring MVC
• Strong leadership and team collaboration skills, with a hands-on approach to coding, code enhancement, and development
• Ability to analyze business requirements and translate them into effective solutions, including high-level and detailed design documentation
• Proficiency in analyzing defects, providing fast and accurate solutions and writing comprehensive test cases
• A solid team player who is proactive in coaching and mentoring others while sharing technical expertise
• A positive attitude, ambition, and self-motivation, with a focus on leading innovative initiatives and cultivating a knowledge-sharing environment
• Ability to work efficiently under pressure and handle multiple tasks with changing priorities
• Excellent communication and negotiation skills, with expertise in Java, J2EE, Jasper, Eclipse, GIT, Web Services, XML, Oracle SQL, and PL/SQL
• Experience with AWS, GWT, Spring, Unix, JBoss, and Maven is a plus
• Experience with frameworks like GWT REST Easy, jQuery, and familiarity with Linux/Ubuntu environments
• Knowledge of integration tools like Bitbucket, JIRA, and Bamboo

Here’s What We Offer…
At Scan-IT, we pride ourselves on our vibrant and supportive culture. Join our dynamic, international team and take on meaningful responsibilities from day one.

Innovative Environment: Explore new technologies in the transportation and logistics industry.

Collaborative Culture: Work with some of the industry’s best in an open and creative environment.

Professional Growth: Benefit from continuous learning, mentorship, and career advancement.

Impactful Work: Enhance efficiency and drive global success.

Inclusive Workplace: Enjoy hybrid work opportunities and a supportive, diverse culture.

Competitive Compensation: Receive a salary that reflects your expertise.

Growth Opportunities: Achieve your full potential with ample professional and personal development opportunities.

Join Scan-IT and be part of a team that’s shaping the future of the transportation and logistics industry.

Visit www.scan-it.com.sg and follow us on LinkedIn, Facebook and X.","","","","","","","",""
"go-MzNG47Kkkdgs5wRyAAAAAA==","google","https://wellfound.com/jobs/3181459-software-engineer-specialist?utm_campaign=google_jobs_apply&utm_source=google_jobs_apply&utm_medium=organic","","Software Engineer & Specialist","Amdocs","Pune, Maharashtra","","","","","","","",False,"","","","","Who are we?

If you’re a smartphone user then you are part of an ever more connected and digital world. At Amdocs, we are leading the digital revolution into the future. From virtualized telecommunications networks, Big Data and Internet of Things to mobile financial services, billing and operational support systems, we are continually evolving our business to help you become more connected. We make sure that when you watch a video on YouTube, message friends on Snapchat or send your images on Instagram, you get great service anytime, anywhere, and on any device. We are at the heart of the telecommunications industry working with giants such as AT&T, Vodafone, Telstra and Telefonica, helping them create an amazing new world for you where technology is being used in amazing new ways every single day.

In one sentence

Responsible for design, development, modification, debug and/or maintenance of software systems

What will your job look like?

Key Responsibilities:

Software Development & Maintenance:

Design, develop, modify, debug, and maintain software code according to functional, non-functional, and technical design specifications.

Adherence to Standards:

Follow Amdocs software engineering standards, applicable software development methodologies, and release processes to ensure code is maintainable, scalable, and supportable.

Issue Investigation & Resolution:

Investigate issues by reviewing and debugging code, providing fixes and workarounds, and ensuring changes are operable to maintain existing software solutions.

Collaboration & Peer Reviews:

Work within a team environment, collaborating with peers and cross-functional teams. Actively participate in code reviews, provide feedback, and suggest improvements.

Technical Accountability & Support:

Assume technical accountability for your work products within an application and provide technical support during the solution design for new requirements.

Innovation & Continuous Improvement:

Actively seek innovation and opportunities for continuous improvement and efficiency in all assigned tasks.

Shift Working:

The role requires shift working, either from 1 PM to 10 PM or 3 PM to 12 AM, with flexibility based on business needs.

All you need is...

• Bachelor's degree in Science/IT/Computer Science or equivalent

• Professional & Relevant Experience – 4-7 years on Tandem technologies like COBOL, Netbatch, Pathway, ENFORM, SCOBOL, TACL, TAL, SQL, FUP

• Good to have - Java, C

• Maintenance, Support & Development in Tandem Application

•Shift Working (1-10 or 3-12, but flexibility as per business need)

•Provide production support (resolve job abends) for customer applications for any issue

Why you will love this job:

The chance to serve as a specialist in software and technology.

You will take an active role in technical mentoring within the team.

We provide stellar benefits from health to dental to paid time off and parental leave!","","","","","","","",""
"go-JpLXuUuvdY8-9meKAAAAAA==","google","https://careers.godaddy/jobs/senior-software-manager-software-engineer-purchase-experience-pune-maharashtra-india?utm_campaign=google_jobs_apply&utm_source=google_jobs_apply&utm_medium=organic","","Senior Software Manager - Software Engineer - Purchase Experience","GoDaddy","Pune, Maharashtra","","","","","","","",True,"","","","myrecruiter@godaddy.com","Location Details: Pune, India

At GoDaddy the future of work looks different for each team. Some teams work in the office full-time; others have a hybrid arrangement (they work remotely some days and in the office some days) and some work entirely remotely.​

This is a hybrid position. You’ll divide your time between working remotely from your home and an office, so you should live within commuting distance. Hybrid teams may work in-office as much as a few times a week or as little as once a month or quarter, as decided by leadership. The hiring manager can share more about what hybrid work might look like for this team.

Join our Team

We are looking for a dynamic and experienced Senior Manager to lead our Purchase Experience Engineering team. You will be responsible for managing portions of our customer-facing platform, ensuring its flawless functionality, and driving its strategic application across the organization. The ideal candidate will possess strong technical insight in software development, exceptional leadership skills, and a strategic approach to optimize our services to meet ambitious business objectives.

If you have a passion for developing top-notch distributed systems and working on Cutting- edge technologies, we would love to hear from you. Join our dynamic team and contribute to crafting GoDaddy's Care platform of the future!

What you'll get to do...
• Lead, mentor, and develop a team of software engineers, encouraging a culture of collaboration, continuous improvement, and technical excellence
• Offer mentorship for career development and performance management
• Conduct regular one-on-ones, performance reviews, and team-building activities
• Coordinate the planning, execution, and delivery of software projects, ensuring they meet business objectives, timelines, and quality standards
• Collaborate with product managers, designers, and other collaborators to define project scope, goals, and deliverables
• Manage project budgets and resources effectively
• Offer mentorship and support to the development team, assisting in the resolution of intricate technical challenges and making strategic architectural choices.
• Stay updated on industry trends, new technologies, and standard methodologies to foster innovation within the team.
• Implement and refine software development processes, methodologies, and tools to improve efficiency and product quality.
• Promote Agile/Scrum practices and ensure adherence to software development life cycle (SDLC) standards
• Act as a liaison between engineering teams and other departments, ensuring clear communication and alignment on project goals and expectations
• Present progress reports, risk assessments, and recommendations to senior management and other collaborators
• Identify potential risks and issues related to software development and implement mitigation strategies
• Ensure compliance with security, privacy, and regulatory requirements
• Contribute to the development of long-term technology strategies and roadmaps
• Drive the adoption of new technologies and practices that can improve team performance and product capabilities

Your experiences should include...
• 7+ years of experience in software development, including at least 3 years in a managerial or leadership role
• Proven experience in managing large-scale software projects and leading cross-functional teams
• Solid grasp of software engineering principles, methodologies, and standard processes
• Expertise in one or more programming languages and technologies relevant to the company's tech stack (e.g. NodeJs, React, Javascript, Express, Webpack)
• Excellent problem-solving skills, with the ability to make sound decisions in fast paced situations
• Exceptional communication and interpersonal skills, with the ability to interact effectively with both technical and non-technical collaborators.
• Experience with Agile/Scrum methodologies and tools (e.g., JIRA, Confluence)
• Strong analytical and interpersonal skills, with attention to detail and the ability to prioritise

You might also have...
• Experience with cloud platforms and services (e.g., AWS, Azure, Google Cloud)
• Familiarity with DevOps practices and tools (e.g., CI/CD pipelines, containerisation)
• Experience in a dynamic and rapidly evolving technology environment with a focus on constant learning and growth

We've got your back...  We offer a range of total rewards that may include paid time off, retirement savings (e.g., 401k, pension schemes), bonus/incentive eligibility, equity grants, participation in our employee stock purchase plan, competitive health benefits, and other family-friendly benefits including parental leave. GoDaddy’s benefits vary based on individual role and location and can be reviewed in more detail during the interview process.

We also embrace our diverse culture and offer a range of Employee Resource Groups (Culture). Have a side hustle? No problem. We love entrepreneurs! Most importantly, come as you are and make your own way.

About us... GoDaddy is empowering everyday entrepreneurs around the world by providing the help and tools to succeed online, making opportunity more inclusive for all. GoDaddy is the place people come to name their idea, build a professional website, attract customers, sell their products and services, and manage their work. Our mission is to give our customers the tools, insights, and people to transform their ideas and personal initiative into success. To learn more about the company, visit About Us.

At GoDaddy, we know diverse teams build better products—period. Our people and culture reflect and celebrate that sense of diversity and inclusion in ideas, experiences and perspectives. But we also know that’s not enough to build true equity and belonging in our communities. That’s why we prioritize integrating diversity, equity, inclusion and belonging principles into the core of how we work every day—focusing not only on our employee experience, but also our customer experience and operations. It’s the best way to serve our mission of empowering entrepreneurs everywhere, and making opportunity more inclusive for all. To read more about these commitments, as well as our representation and pay equity data, check out our Diversity and Pay Parity annual report which can be found on our Diversity Careers page.

GoDaddy is proud to be an equal opportunity employer. GoDaddy will consider for employment qualified applicants with criminal histories in a manner consistent with local and federal requirements. Refer to our full EEO policy.

Our recruiting team is available to assist you in completing your application. If they could be helpful, please reach out to myrecruiter@godaddy.com.

GoDaddy doesn’t accept unsolicited resumes from recruiters or employment agencies.","","","","","","","",""
"in-95e7d5ad60108102","indeed","https://in.indeed.com/viewjob?jk=95e7d5ad60108102","http://in.indeed.com/job/software-intern-dart-flutter-95e7d5ad60108102","Software Intern in Dart & Flutter","ATRUEBRAND INNOVATION SOLUTIONS PRIVATE LIMITED","MH, IN","2025-02-27","parttime, fulltime, internship","","","","","",True,"","","","","**Internship Opportunity: Application Development** 

**Are you a individual with a passion for software development? Do you want to gain hands\\-on experience in software development? If so, we have the perfect opportunity for you!**

**Position: Application Development Intern**

**Join Our Team as a Flutter \\& Dart Mobile App Developer Intern!**

We are looking for passionate developers to join our team. Showcase your skills in Flutter \\& Dart through our multi\\-stage hiring process:

* **Initial Task:** Complete a remote task to demonstrate your abilities.
* **Internship Offer:** Successful candidates will receive an internship with a stipend ranging from 5,000 to 20,000 INR.

**Location:** ***Atruebrand Innovation Solutions*** Private Limited , Gulmohar Symphony, 401, ph\\-2, Tukaram Nagar, Kharadi, Pune, Maharashtra 411014

**About Us:** 

**Atruebrand Innovation Solutions Private Limited is a dynamic technology company specializing in the development of smart applications. We're looking for talented and motivated interns to join our team and contribute to exciting projects in both application development and marketing.**

**Responsibilities:**

**Application Development:**

**\\- Collaborate with our development team to design, develop, and maintain software applications.**

**\\- Write clean, efficient, and well\\-documented code in various programming languages and frameworks.**

**\\- Assist in testing, debugging, and troubleshooting software issues.**

**\\- Learn and apply best practices in software development under the guidance of experienced developers.**

**Requirements:**

**\\- Pursuing a degree in Computer Science, Engineering, or related field.**

**\\- Strong interest in software development.**

**\\- Basic knowledge of programming languages (e.g., Flutter, Dart, Python, JavaScript, Java) and/or marketing principles (e.g., SEO, social media marketing).**

**\\- Excellent communication, teamwork, and problem\\-solving skills.**

**\\- Ability to adapt and learn quickly in a fast\\-paced environment.**

**Benefits:**

**\\- Hands\\-on experience in software development .**

**\\- Mentorship from experienced professionals in the industry.**

**\\- Opportunity to contribute to real\\-world projects and make a meaningful impact.**

**\\- Flexible work arrangements \\- including remote work options, are available for exceptional circumstances only.**

**How to Apply:** 

**Interested candidates should submit their resume and a brief cover letter outlining their interest in the position and relevant experience .**

Job Types: Full\\-time, Part\\-time, Permanent, Internship, Contractual / Temporary, Freelance  
Contract length: 6 months

Pay: ₹5,000\\.00 \\- ₹25,000\\.00 per month

Benefits:

* Flexible schedule

Schedule:

* Day shift

Supplemental Pay:

* Performance bonus

Education:

* Bachelor's (Preferred)

Work Location: In person","","https://in.indeed.com/cmp/Atruebrand-Innovation-Solutions-Private-Limited","","","","","",""
"in-134f49924c1c20d2","indeed","https://in.indeed.com/viewjob?jk=134f49924c1c20d2","https://nextbridgesolutions.com/?page_id=25530#","Associate Software Engineer","NextBridge Solutions","MH, IN","2025-02-26","fulltime, internship","","","","","",False,"","","","","An Inspiring Work Culture \\| Flexible Working Hours \\| Work Like Never Before
  
### **Recent Graduates**

We offers technical and business internships to students for 2 to 6 months and also full\\-time opportunities designed to empower you. Imagine the impact you can have and jumpstart your career. As we have successfully completed 5 yrs of execution.
### **Experienced Professionals**

Want to make a difference? So do we. Step in to explore the wealth of career opportunities and take your career to the next level.
  
Associate Software Engineer


  
**Job Description:**

**Roles and Responsibilities and Skills required for the profile:**

* Knowledge of one database SQL, Oracle, PostgreSQL, Informix/Sybase.
* Experience on web development HTML, PHP, ASP.Net, HTML5
* CTI (Computer Telephony Integration) based application development.
* Min one Programming knowledge on .Net, Java, Linux scripting, XML/VXML/CCXML.
* Knowledge on windows and Linux OS is must
* Basic knowledge on networking.
* Excellent written and oral communication skills in English Language.
* Willing to Travel on site
* Selected candidates have to sign two years of bond.
* Conducting analysis of website and application requirements.
* Writing back\\-end code and building efficient PHP modules.
* Developing back\\-end portals with an optimized database.
* Knowledge of PHP web frameworks including Yii, Laravel, and CodeIgniter.
* Proficient with code versioning tools including Git, Mercurial, CVS, and SVN

**Requirements:**

* Must have knowledge in Angular JS, NodeJS, Java script. And, HTML5, Web Services.
* Education Qualification (Degree/Branch): BCA, B.tech, BE
* Able to work with minimal supervision
* Excellent listeningand presentation skills","","https://in.indeed.com/cmp/Nextbridge-Solutions","","","","","",""
"in-6522bb0393fc3faa","indeed","https://in.indeed.com/viewjob?jk=6522bb0393fc3faa","https://nextbridgesolutions.com/?page_id=25530#","Application Software Engineer","NextBridge Solutions","MH, IN","2025-02-26","fulltime, internship","","","","","",False,"","","","","An Inspiring Work Culture \\| Flexible Working Hours \\| Work Like Never Before
  
### **Recent Graduates**

We offers technical and business internships to students for 2 to 6 months and also full\\-time opportunities designed to empower you. Imagine the impact you can have and jumpstart your career. As we have successfully completed 5 yrs of execution.
### **Experienced Professionals**

Want to make a difference? So do we. Step in to explore the wealth of career opportunities and take your career to the next level.
  
Application Software Engineer


  
**Job Description:**


Roles and Responsibilities and Skills required for the profile:

* Full Stack Developer with Dot Net, Java, JSP, SQL and C\\# with ASP, HTML and JavaScript language
* Avaya Experience Portal configurations
* Expert knowledge in IVR development and configurations using Orchestration Designer
* Ability to design call\\-flows from requirement documentation and workshops
* Experience in VXML, CXML, SSML, XML, JAVA, JSON and SVN repositories.
* Integration with the various back\\-end data systems, servers and adjuncts such as Web technology and application servers (Tomcat, WebSphere, IIS, Apache, WebLogic, etc.)
* Database via SQL, JDBC/ADO.NET (MS SQL Server/ Oracle / Postgres)
* Strong understanding of Natural Language design and Directed Dialogue design techniques for speech applications
* Good Knowledge with Avaya Contact Center CTI application and 3rd Party CRM integration such as Salesforce, Pega etc.
* Good knowledge in Avaya Contact center products such as Avaya Elite, Elite Multichannel, AACC etc.

**Requirements –**

* 2\\+ Years of Experience as a Software Engineer.
* Experience in Angular JS, NodeJS, Java script. And, HTML5, Web Services.
* Education Qualification (Degree/Branch): BCA, B. tech, BE
* Able to work with minimal supervision
* Excellent listeningand presentation skills.
* Continuous learning \\& improving ability
* A good team player and adapt to new environment quickly","","https://in.indeed.com/cmp/Nextbridge-Solutions","","","","","",""
"in-388fbccce012560e","indeed","https://in.indeed.com/viewjob?jk=388fbccce012560e","https://hdjq.fa.us2.oraclecloud.com/hcmUI/CandidateExperience/en/sites/CX_1/requisitions/preview/25015133","Senior/Lead Engineer - Software Development","Emerson","MH, IN","2025-02-26","fulltime","","","","","",True,"","","","","**Job Summary**

We are looking for a hardworking, fully hands\\-on C\\# .NET Core Microservices developer with strong experience in design and delivering C\\# .NET Core based Microservices application having SQL / No SQL database at the backend
 

**In This Role, Your Responsibilities Will Be:**

* Develop high performing, reliable, scalable, and secure Microservices architecture based, C\\# .NET Core REST APIs
* Write readable, extensible, testable and secure code, while being mindful of performance requirements.
* Build, maintain, and run unit tests for both new and existing code, with a goal of delivering defect\\-free and well\\-tested code to QA.
* Work on Agile (Scrum) team with focus on meeting individual and team commitments
* Assume additional roles and responsibilities as required and be able to work with minimal support

**Who you Are:**

You take initiatives and doesn’t wait for instructions and proactively seek opportunities to supply. You adapt quickly to new situations and apply knowledge effectively. Clearly convey ideas and actively listen to others to complete assigned task as planned.


**For This Role, You Will Need:**

* Validated hands\\-on experience in developing secure, C\\# .NET Core based full stack application
* Strong experience in C\\# .NET core based Microservices
* C\\# ASP .Net Core MVC
* REST APIs, Web API development
* Entity Framework
* Workig knowledge of MS SQL Server Database, and relational databases
* Should be able to read and write SQL queries, stored procedures, views, and functions
* Object Oriented Design Principles and Design Patterns
* Experience/understanding of Docker and Kubernetes
* Understanding of Entity Framework
* Experience in secure product development lifecycle practices
* Proficiency in Visual Studio Code or Visual Studio with strong debugging skills such as watch, threads, modules, memory view, disassembly view etc.
* Experience in Azure DevOps GIT repository
* Experience working in an Agile/Scrum development process
* Behavior Driven (BDD) or Development Driven (TDD)
* Nice to have knowledge on\\-SignalR
* Message broker software \\- RabbitMQ
* Quartz **OR** Hangfire (or other .NET scheduler frameworks)
* MEF – managed extensibility framework
Wix, msi  
* 

**Preferred Qualifications that Set You Apart:**

* Bachelor’s degree (B.E. Bachelor's degree (B.Tech) or Master's degree (M.E / M.Tech) in Computer Science, Electronics, Instrumentation or related field
* Master’s or equivalent experience"" in computer science (M Sc., MCS, MCA)
* Experience: 5 – 10 years in C\\# .NET Core based full stack application
* Relevant minimum 1 year experience in C\\# .NET Core Microservices

**Our Offer To You**

By joining Emerson, you will be given the opportunity to make a difference through the work you do.


Emerson's compensation and benefits programs are designed to be **competitive within the industry and local labor markets** . We also offer a **comprehensive medical and insurance coverage** to meet the needs of our employees.


We are committed to creating a global workplace that **supports diversity, equity and embraces inclusion** . We welcome foreign nationals to join us through our **Work Authorization Sponsorship** .


We attract, develop, and retain exceptional people in an inclusive environment, where all **employees can reach their greatest potential** . We are dedicated to the ongoing development of our employees because we know that it is critical to our success as a global company.


We have established our Remote Work Policy for eligible roles to promote **Work\\-Life Balance** through a hybrid work set up where our team members can take advantage of working both from home and at the office.


Safety is paramount to us, and we are relentless in our pursuit to provide a **Safe Working Environment** across our global network and facilities.


Through our benefits, development opportunities, and an inclusive and safe work environment, we aim to create an organization our people are proud to represent.","","https://in.indeed.com/cmp/Emerson","https://d2q79iu7y748jz.cloudfront.net/s/_squarelogo/256x256/f6239ae51e3eb8b432eb5ee446c9b9ea","https://www.emerson.com/en-us/global","Saint Louis, MO","10,000+","more than $10B (USD)","Emerson combines industry knowledge, manufacturing expertise, and technological innovation to offer a broad range of products and services."
"in-521d65b79743be65","indeed","https://in.indeed.com/viewjob?jk=521d65b79743be65","https://wk.wd3.myworkdayjobs.com/en-US/External/job/IND---Pune-Kalyani-Nagar/Senior-Product-Software-Engineer--UI-Developer----ReactJs_R0047080","Senior Product Software Engineer (UI Developer) - ReactJs","Wolters Kluwer","MH, IN","2025-02-26","fulltime","","","","","",False,"","","","","Role: Senior Product Software Engineer (UI Developer)
Qualification: B.E/B.Tech. (Computer), MCA
Experience: 5\\-10 Years
Key Skills:* Frontend Frameworks: AngularJS, Angular 2\\+, React.js
* Web Technologies: HTML, CSS, JavaScript, TypeScript
* Backend \\& API Integration: Node.js, RESTful APIs
* Cloud \\& DevOps: AWS, Docker, Kubernetes, CI/CD (Jenkins, GitHub Actions, GitLab CI)
* Security \\& Logging: Security Best Practices, Kibana
* Version Control \\& Build Tools: GitHub/GitLab
* Testing: JUnit, Jest, Cypress


Mandatory Skills:* Strong experience in React.js and NodeJS
* Proficiency in HTML, CSS, and JavaScript/TypeScript
* Hands\\-on experience with AWS, Docker, and CI/CD pipelines
* Knowledge of Security best practices (e.g., authentication, authorization, secure coding)
* Strong experience in Unit Testing and Logging frameworks


Job Description:* Develop and maintain modern UI applications using React.js and NodeJS
* Implement security best practices for web applications, including authentication and authorization mechanisms
* Work with Kibana for log analysis and monitoring
* Optimize UI performance and ensure cross\\-browser compatibility
* Set up CI/CD pipelines for seamless deployments using AWS services, Docker, and Kubernetes
* Deploy and manage frontend applications in AWS cloud environments
* Participate in Agile development, peer code reviews, and sprint planning


Preferred Candidates: Those with strong UI expertise, a deep understanding of frontend frameworks, and experience working with modern cloud\\-based applications.","","https://in.indeed.com/cmp/Wolters-Kluwer","https://d2q79iu7y748jz.cloudfront.net/s/_squarelogo/256x256/0e686c67da1bd46cee95a528fd1cb51e","https://careers.wolterskluwer.com/de-de","Alphen aan den Rijn","10,000+","$1B to $5B (USD)",""
"in-0235f709e891af54","indeed","https://in.indeed.com/viewjob?jk=0235f709e891af54","https://app.jobvite.com/CompanyJobs/Job.aspx?j=oWvkvfw0&s=Indeed","Power BI developer","Saama Technologies","MH, IN","2025-02-26","fulltime","","","","","",False,"","","","","* Proficient in data visualization using Power BI and strong application development.
* Excellent knowledge connecting Microsoft Power BI Desktop to various data sources.
* Implementation of Row Level Security by defining various constraints for each defined ROLE (will be evaluated)
* Advanced DAX capabilities in MS Power BI Desktop.
* Need to have experience in creating calculated measures and columns with DAX
* Expert knowledge using advanced calculations using MS Power BI Desktop (Aggregate, Date, Logical, String, Table)
* Good at creating different visualizations using Slicers, Lines, Pies, Histograms, Maps, Scatter, Bullets, Heat Maps, Tree maps, etc.
* Must understand Active Directory users and groups and setting up access using these groups.
* Expert in setting up the necessary connection details and scheduling.
* Publish reports into Power BI service and schedule the datasets and dashboards, providing row level security.
* Must have a good understanding of different ways of sharing and publishing on the power bi service and debugging permission and sharing issues.
* Needs to be current on latest Power BI updates
* Knowledge of Power BI Administration is helpful. PowerShell Scripts and Power BI service API to setup Administration tasks.
* Must have knowledge of setting up Power BI Gateways and Manage Data Sources (will be evaluated) .
* Working knowledge of using Snowflake is a plus.
* Good hands\\-on experience of working in SQL, writing complex queries / stored procedures.
* Must be detail oriented and have working knowledge of both Unit testing and Performance testing.
* Working knowledge on Power Automate is prefered","","https://in.indeed.com/cmp/Saama-Technologies","","http://www.saama.com","Campbell, CA","201 to 500","$25M to $100M (USD)","One of the largest Data Management & Business Analytics companies in the Life Sciences, Healthcare, High Tech & Insurance industries"
"in-4a29211b43dba702","indeed","https://in.indeed.com/viewjob?jk=4a29211b43dba702","https://ngdata.applytojob.com/apply/LSo9tvTJWo/QA-Automation-Engineer?source=INDE&~","QA Automation Engineer","NGDATA","MH, IN","2025-02-26","fulltime","","","","","",False,"","","","","As a QA Automation Engineer at NGDATA, your role is integral to the organization's mission of empowering businesses through data\\-centric enterprise software.


This role Involves existing tests execution, maintenance and new development. The QA Automation engineer will collaborate with QA Team to understand product features and functionalities and apply the best possible solutions In QA Automation suits. Additionally, you will take ownership of assigned features to ensure automated tests are synchronized with Jira steps and tests are functional.  

  

**Main Responsibilities**

* Creation of Automated Tests: Develop and maintain automated test cases to ensure the highest quality of NGDATA's Intelligent Engagement Platform (IEP).
* Test Execution: Execute automated test suites at every release to validate the functionality, reliability, and performance of the software.
* Log and Results Analysis: Analyze the logs and results of automated tests post\\-execution to identify issues, defects, or deviations from expected behavior.
* Defect Resolution: Resolve failures occurring due to issues in the automated code by collaborating with the development team and participating in defect management processes.
* Test Result Communication: Analyze and effectively communicate test results within the Automation team, highlighting areas of concern and potential improvements.
* Identifying Issues: Reporting and documenting any defects or Issues found during testing.
* Maintenance of Automation Code: Maintain the existing automation code repository by updating scripts when test cases are impacted or fail due to valid changes in IEP.
* Learning and Growing: Continuously Improving skills and knowledge In QA Automation tools and followed practices.

 **Additional tasks**

* JIRA Integration: Upload test results in X\\-ray (JIRA) for tracking and reporting, ensuring that testing progress is well\\-documented.
* Participation in Agile Stand\\-ups: Actively participate in daily stand\\-up meetings, providing status updates to the Automation team lead and other relevant stakeholders.
* Knowledge Transfer: Contribute to knowledge transfers and learning sessions within the Automation team and share insights and best practices with the full QA team.
* Collaboration with Functional Test Engineers: Maintain close contact with functional test engineers to exchange insights and information about IEP's main functionalities, ensuring alignment between automated and manual testing efforts.

 **Your Profile**

* You have a bachelor's degree in computer science, or similar education.
* Good with Python Scripting: You need to be comfortable with writing scripts in Python.
* Familiarity with Robot Framework: Capable of writing scripts using Robot Framework.
* Web Technology Familiarity: A good understanding of XML, JavaScript, JSON and Rest API creation is a valuable addition, though not mandatory.
* Test Automation Experience: Experience with test automation tools and frameworks is a positive factor, although not a strict requirement.
* Understanding of Software Testing Principles: Knowledge of software testing methodologies, including both manual and automated testing approaches, would be advantageous.

 **Your Personal Qualities**

* Problem\\-Solving Skills and Attention to Detail: Strong analytical skills and attention to detail are crucial for identifying and resolving defects in complex software applications.
* Effective Communication: You can explain technical concepts clearly and visually, making it easy for your team and others to understand. Your effective communication skills help you work well with your team.
* Adaptability: You are open to new ideas and can find solutions in a fast\\-paced environment. You can handle changes and challenges easily.
* Continuous Learning: You love learning and stay updated with the latest technologies. This helps you solve new challenges and use the best approaches in your role.

 **Language Requirements**

* You are fluent in English for written and oral communication.




LSo9tvTJWo","","https://in.indeed.com/cmp/Ngdata","https://d2q79iu7y748jz.cloudfront.net/s/_squarelogo/256x256/b8476c005f22dc2a497f36859ef3380a","http://www.ngdata.com","Ghent","51 to 200","less than $1M (USD)",""
"in-6bdb9d8bdda5e18c","indeed","https://in.indeed.com/viewjob?jk=6bdb9d8bdda5e18c","https://careers.fisglobal.com/us/en/job/FIGLUSJR0291523EXTERNAL/Senior-Lead-Engineer-Testing-Java-Selenium-JMeter?utm_source=indeed&utm_medium=phenom-feeds","Senior Lead Engineer - Testing (Java, Selenium, JMeter)","FIS","MH, IN","2025-02-26","fulltime","","","","","",False,"","","","","**Position Type :**

Full time**Type Of Hire :**

Experienced (relevant combo of work and education)**Education Desired :**

Bachelor of Computer Engineering**Travel Percentage :**

0%
Are you curious, motivated, and forward\\-thinking? At FIS, you’ll have the opportunity to work on some of the most challenging and relevant issues in financial services and technology. Our talented people empower us, and we believe in being part of a team that is open, collaborative, entrepreneurial, passionate and above all fun.

**Position – Automation Engineer (Software Test Analyst Senior)**

**Required Experience Level – 7\\+ Years**

**Work Location – Pune**

**Educational Qualification – B.E or Any graduation in the field of Computer Science/IT**

**Work Shift – Regular**

**About Team \\& Product/Project Details:**


In today’s highly competitive private equity market, firms must not only deliver superior returns, but also respond to more stringent reporting requirements and increasing demands for information – both from within and outside their organization. Throughout the industry there is mounting pressure on organizations to do more, requiring a clear technology strategy that not only addresses the demands of today, but also enables the growth and performance of tomorrow.


FIS Securities Processing Manager (Phase 3\\) is a global, real\\-time order\\-to\\-settlement securities processing solution, offering a single, global platform that can manage multiple products, currencies and businesses in real\\-time. It provides real\\-time balances and positions as trades are processed throughout the day. This gives operations staff an up\\-to\\-date picture of the firm or business’s position and therefore helps to mitigate risk.

**What you will be doing (Shift Time \\& Key Roles and Responsibilities):**


In this position you will be working as Software Test Analyst Senior providing end to end solution for business problem and innovative automation solutions for fast tracking releases. As an individual contributor you will:

* UI Automation using Java and Java Selenium and API Testing
* Performance Testing using JMeter or any other utility or tool to create performance basline and performance trends
* Responsible for requirement analysis and test plan design, test data preparation with wide coverage of functionalities, Test automation framework creation and its maintenance, general QA activities which includes defect reporting and tracking, effective stakeholder engagement, CI/CD and materialize automation and innovation opportunities to improve productivity.
* Automation of test scenarios and redundant manual tasks using innovative ideas is primary focus
* Work with team to understand business scenarios and automate those in selenium/UFT, Python or any other scripting language
* Work within the team as well as work with various stakeholders including clients, global teams geographically located in different regions
* Build an understanding of the product on a technical and functional level, understand the context of our clients, participate in solution design, drive testing activities, and deliver solutions that address the business needs
* Work with the Business Analyst and Solution Architect as well as with experienced people in team to understand projects requirements, identify requirement gaps, functional risks so that these can be addressed early in the process.
* Evaluate test data and/or engineer test data to be used throughout the software development life cycle
* Drive all phases of test execution and documentation including functional, regression, performance, usability, integration and acceptance testing.
* Work closely with other team members like Developers, BAs in a team to ensure better turnaround for issue resolution and change implementation
* Implement processes to improvise quality of deliverables, create and maintain repository of documents and train and guide junior team members
* Ensure quality of newly build or enhanced features and regression test to make sure nothing is broken

 **What you bring (Experience Level \\& Mandatory Skills in potential candidate):**

Technical Experience –

* Hands on experience in Automation Framework Design in Java and Selenium using Java Cucumber, CI/CD (Jenkins), GIT
* Expertise on any automation tool – Selenium, knowledge of Java J2EE
* Hands on experience in functional and Automation testing (Backend and Frontend) and thorough understanding of industry wide QA processes
* Knowledge of methods, tools and technology used in software testing – jira, test case management tool, version control tool like bitbucket
* Thorough Knowledge of capital markets domain, financial software and related middle and back office processes.
* Hands on experience in SQL, PL/SQL and creating SQLs to pull data from multiple tables using joins
* Understanding of UNIX/Linux commands and scripting.
* Strong analytical and problem\\-solving skills.
* Ability to meet deadlines, goals and objectives within assigned time.
* Ability to communicate effectively verbally and in writing

**Added bonus if you have (Desirable skills):**

* Knowledge of SCRUM and experience in working sprints preferred
* Performance Testing and Non Functional Testing experience

**What We offer You:**

* A range of benefits designed to help support your lifestyle and wellbeing
* A multi\\-faceted job with a broad spectrum of responsibilities
* An international work environment and a dedicated and innovative team

**Privacy Statement**


FIS is committed to protecting the privacy and security of all personal information that we process in order to provide services to our clients. For specific information on how FIS protects personal information online, please see the Online Privacy Notice.

**Sourcing Model**


Recruitment at FIS works primarily on a direct sourcing model; a relatively small portion of our hiring is through recruitment agencies. FIS does not accept resumes from recruitment agencies which are not on the preferred supplier list and is not responsible for any related fees for resumes submitted to job postings, our employees, or any other part of our company.


\\#pridepass","","https://in.indeed.com/cmp/Fis-9","https://d2q79iu7y748jz.cloudfront.net/s/_squarelogo/256x256/74c24c519884acea1e53300addb0f7b6","https://www.fisglobal.com","Jacksonville, FL","10,000+","more than $10B (USD)","FIS is a global leader in financial services technology, with a focus on retail and institutional banking, payments, asset and wealth management, risk and compliance, and outsourcing solutions."
"in-95e38e9fc40f1674","indeed","https://in.indeed.com/viewjob?jk=95e38e9fc40f1674","https://careers.resilinc.com/career-description/7a62d62a-934d-49b9-b073-1287ef9ecb1d","Senior Software Engineer","Resilinc","MH, IN","2025-02-26","fulltime","","","","","",False,"","","","HR@resilinc.com","Pune
  
Engineering \\- Engineering
  
/
  
Full Time
  
/
  
Onsite
  
  

We began a movement when we started Resilinc in 2010 with our belief in the power of supply chain to be a force for good, to improve the lives of people and our communities. Our vision is for the world to have a place where suppliers and customers can collaborate securely with transparency and trust as the foundation. Today Resilinc’s flagship supply chain visibility, mapping and AI powered monitoring and predictive analytics platform is widely considered the Gold Standard for resilience.
  
  

We wake up every day with the power of our important Mission driving our every action. Join our passionate, highly motivated and VIRTUAL global team that is energized and working hard to positively impact the world.
  
  

Join our dynamic team where we are driving innovation and building cutting\\-edge solutions. As a senior member of our engineering team, you will have the opportunity to work on impactful projects that make a difference. We are looking for a highly skilled engineer with a passion for technology and a drive for continuous improvement.
  
  

What You Will Do
  
  

**Key Responsibilities:**  

**Software Development:**  

Design, develop, and maintain robust, scalable, and high\\-performance software solutions using Java 8 and its advanced features.
  
Lead the development of microservices architecture, ensuring high availability, scalability, and fault tolerance.
  
  

**Database Management:**  

Work with RDBMS systems, with a strong emphasis on PostgreSQL. Experience with other databases is a plus.
  
Design and implement graph database solutions (Neo4j, Amazon Neptune, or similar) to handle complex relationships and large\\-scale data.
  
Optimize queries and database performance for both relational and graph\\-based storage.
  
  

**Backend Development:**  

Develop backend services and RESTful APIs using Spring Boot.
  
Implement and manage authentication, authorization, and other security measures within applications.
  
  

**Cloud \\& Infrastructure:**  

Deploy, manage, and scale applications in cloud environments, particularly Azure.
  
Experience with Kubernetes or other container orchestration tools is highly desirable.
  
  

**Problem\\-Solving \\& Logical Thinking:**  

Apply strong logical and analytical thinking to troubleshoot complex issues and optimize solutions.
  
Participate in code reviews, providing constructive feedback to peers.
  
  

**Collaboration \\& Leadership:**  

Work closely with cross\\-functional teams, including product managers, designers, and QA engineers, to deliver high\\-quality products.
  
Mentor junior developers and contribute to the growth of the team.
  
  

**Startup Experience:**  

Prior experience in a startup environment is beneficial, demonstrating the ability to work in fast\\-paced and agile settings.
  
  

**Continuous Learning:**  

Stay up to date with the latest industry trends, technologies, and best practices.
  
Continuously seek opportunities to improve development processes and the quality of the codebase.
  
What You Will Bring
  
Bachelor’s or master’s degree in computer science, Engineering, or a related field.
  
5\\+ years of experience in software development with a focus on Java, Spring Boot, and
  
microservices.
  
Expertise in RDBMS, with strong experience in PostgreSQL.
  
Experience working with graph databases (Neo4j, Amazon Neptune etc.).
  
Familiarity with cloud platforms like Azure and containerization tools like Kubernetes.
  
Strong problem\\-solving skills and logical thinking.
  
Excellent communication skills, with the ability to articulate complex technical concepts.
  
Experience in Agile/Scrum development methodologies.
  
Ability to thrive in a startup environment and adapt to changing priorities.
  
What Will Make You Stand Out
  
Experience with CI/CD pipelines and automation tools.
  
Knowledge of front\\-end technologies (e.g., Angular, React) is a plus.
  
Understanding of DevOps practices and tools.
  
Familiarity with performance testing and optimization techniques.
  
  

**Salary Range :** 0 \\- 0 INR / year
  
  

If you are a person with a disability needing assistance with the application process please contact HR@resilinc.com.
  
  

Benefits
  
We offer comprehensive benefits that are specific to each country. Your talent acquisition contact can provide you with a FAQ list for your country. Everyone at Resilinc is eligible for healthcare coverage, participation in the employee stock option program, retirement benefits, paid time off and learning and development opportunities.
  
  

Resilinc is well\\-funded , profitable, and shows no signs of slowing down. We run lean, work fast, and pivot quickly to accommodate our customers in order to keep supply chains moving.","","https://in.indeed.com/cmp/Resilinc","https://d2q79iu7y748jz.cloudfront.net/s/_squarelogo/256x256/0d8766026c69ca554e460fc1d7d1099a","https://www.resilinc.com","Milpitas","51 to 200","",""
"in-1e196e0614ef4431","indeed","https://in.indeed.com/viewjob?jk=1e196e0614ef4431","https://mastercard.wd1.myworkdayjobs.com/en-US/CorporateCareers/job/Pune-India/Manager--Software-Engineering_R-241678-1","Manager, Software Engineering","Mastercard","MH, IN","2025-02-26","fulltime","","","","","",False,"","","","","Our Purpose*Mastercard powers economies and empowers people in 200\\+ countries and territories worldwide. Together with our customers, we’re helping build* *a sustainable economy* *where everyone can prosper. We support a wide range of digital payments choices, making* *transactions secure,* *simple, smart and accessible. Our technology and innovation, partnerships and networks combine to deliver a unique set of products and services that help people, businesses and governments realize their greatest potential.*
Title and Summary
Manager, Software Engineering
Overview  

  

* Marketing Technology Solutions (MarTS) group is building cutting edge technology solutions for Marketing teams, building sites and apps across multiple channels like web, mobile, etc. Mastercard is looking for strong technical professional to be part of this exciting journey.
* The ideal candidate will be responsible for supervising a team of software engineers, improving software processes and setting the group's strategic direction.
* The software group is responsible for the design, development, documentation, integration, and test of software products, systems and subsystems on time and within budget.
* Applicants must also have the ability to complete technical projects independently as well as mentor and/or coach other engineers.

  

Role  

  

* Responsible for development and support of systems application software in adherence with MasterCard standards, processes and best practices.
* Promote engineering best practices and instil a team culture built on curiosity and collaboration.
* Manage, mentor, and grow engineers on team, helping them advance their skill sets and careers.
* Collaborate with product management and other engineering teams to build and deploy iterative solutions.
* Help team maintain focus on current priorities and commitments while promoting core values of Agile software development .
* Collaborate with other engineering managers and leaders to drive department\\-wide objectives.

  

All About You  

  

* You are expert with different application patterns to implement different types of business processes (e.g., APIs, event\\-driven\\-services, batch\\-services, web\\-applications, big data).
* You have experience on Java, REST API, Pivotal Cloud Foundry, Jenkins, Spring, and one front end technology Angular/React.
* You have experience working on Microservices and Cloud Native Architecture.
* You have experience delivering major pieces of functionality on time and on\\-budget
* You have experience with different SDLC practices (Scrum/Kanban/SAFe) and the delivery situations they are used for
* You have proficiency in using basic engineering principles for building and running mission critical software capabilities (security, customer experience, testing, operability, simplification, service\\-oriented architecture).
* 7\\+ years of software development and design experience
* 2\\+ years of experience acting as a technical lead/manager (mentoring and leading other engineers)
* You have good communication skills – both verbal and written – with strong relationship building, collaborative skills and organizational skills.


Corporate Security Responsibility  

All activities involving access to Mastercard assets, information, and networks comes with an inherent risk to the organization and, therefore, it is expected that every person working for, or on behalf of, Mastercard is responsible for information security and must:* Abide by Mastercard’s security policies and practices;
* Ensure the confidentiality and integrity of the information being accessed;
* Report any suspected information security violation or breach, and
* Complete all periodic mandatory security trainings in accordance with Mastercard’s guidelines.","","https://in.indeed.com/cmp/Mastercard","https://d2q79iu7y748jz.cloudfront.net/s/_squarelogo/256x256/db2408710268f83ca7847c9b13e3b570","https://mstr.cd/407uWQT","Purchase, NY","10,000+","Decline to state","We are a global technology company in the payments industry."
"in-1ad5acd4ad053f80","indeed","https://in.indeed.com/viewjob?jk=1ad5acd4ad053f80","https://rockwellautomation.wd1.myworkdayjobs.com/en-US/External_Rockwell_Automation/job/Pune-India/SOFTWARE-ARCHITECT---Python-AIML-Ops_R24-5600","SOFTWARE ARCHITECT - Python/AIML Ops","Rockwell Automation","MH, IN","2025-02-26","fulltime","","","","","",False,"","","","","Rockwell Automation is a global technology leader focused on helping the world’s manufacturers be more productive, sustainable, and agile. With more than 28,000 employees who make the world better every day, we know we have something special. Behind our customers \\- amazing companies that help feed the world, provide life\\-saving medicine on a global scale, and focus on clean water and green mobility \\- our people are energized problem solvers that take pride in how the work we do changes the world for the better.
We welcome all makers, forward thinkers, and problem solvers who are looking for a place to do their best work. And if that’s you we would love to have you join us!
Job Description
Summary:
As a Software Architect for Rockwell Automation, you will design industry\\-leading commercial software, known for its innovation and usability. You will also perform basic software testing tasks including test planning, scheduling, and execution. You will be involved in subsystem design, implementation, and testing, working with the support of our senior engineers. You will play an active role in all the stages of the development lifecycle and support your team throughout the process. You will also help ensure that developed products meet requirements and are within total quality management standards.
You will collaborate with multiple global teams. When you join our software engineering group, you become part of a team that believes in knowledge sharing and collaboration and that is committed to using reliable and well\\-thought\\-out engineering practices and technology to overcome any challenges. We are looking for someone who will use from a diverse set of technical backgrounds and opinions by encouraging a team\\-oriented environment and the use of open and direct communications, and respect. You will also seek knowledge of new developments in the software engineering, computer engineering, and test automation fields and will identify and pursue career training opportunities.
You are an experienced professional with a full understanding of area of specialisation and an ability to resolve wide range of issues in creative ways.
You will report to the Software Engineering Manager and is located in Pune
Your Responsibilities:* Independently gather and documents requirements for a feature and its components, ensuring the information required to develop software and corresponding test cases are contained in the specifications. \\- Contributes to architectural design and independently develops system designs that meet the requirements.
* Provide estimates for the design. Consider tradeoffs between requirements, speed, cost and reliability in the choice of a design approach. \\- Implements and documents code that meets the requirements of the software design. \\- Develops unit test plans. Reports anomalies. Take the lead in the integration of other components by solving problems within subsystems to produce a final product. Responsibilities may extend to the technical management of the design, testing and integration of other engineers' work in related areas. \\-
* Lead reviews of documents, designs, code, test cases and user documentation. \\- Typically responsible for the ongoing maintenance and integrity of several software subsystems. \\- Builds relationships and works with peers to ensure assigned tasks are prioritised.
* Think outside the box and be willing to research and explore new avenues by using the latest technologies and standards. May function as a go\\-to person for a technology, software methodology, or other area of expertise.
* Take the lead on identifying and recommending software development capability improvements in software development practices and development tools \\- communicates and conveys design concepts and understand complex control system concepts.


The Essentials \\- You Will Have:* Bachelor's degree in Computer Science, Computer Engineering, Electrical Engineering, or equivalent \\- At least 12 years of experience in a software product development environment .
* Knowledge and working experience in client/server, distributed or web\\-based environment using enterprise Java, Spring Framework, RESTful APIs/Microservices and Web Technologies \\- Proficiency in JavaScript (libraries like Jquery, Backbone.js),Node.js, Angular framework , High availability, performance and scalability, micro services, SOA, modern database architectures, automated test systems, rapid prototyping, experience of taking concept to product, Web technologies, security, data communication, and contemporary user interface technologies \\-
* Comprehensive knowledge of current standards in software engineering In\\-depth knowledge of databases \\& ETL (graphQL) especially SQL server, PostgreSQL.


The Preferred \\- You Might Also Have:* Knowledge of Data Analytics tools \\& practices is must (ML knowledge and experience will be preferred) \\- Agile scrum delivery experience \\- Experience with continuous integration practices (Jenkins etc.)
* Experience with selecting and using right Open Source project/library/tool \\- Software development on both Windows and Linux .
* Technical team leadership \\- Direct experience with design patterns and architecting modular software \\- Direct experience with the Industrial Automation industry is desired \\- Direct experience collaborating with local and global technical development teams.


What We Offer:
Our benefits package includes …* Comprehensive mindfulness programs with a premium membership to Calm
* Volunteer Paid Time off available after 6 months of employment for eligible employees
* Company volunteer and donation matching program – Your volunteer hours or personal cash donations to an eligible charity can be matched with a charitable donation.
* Employee Assistance Program
* Personalized wellbeing programs through our OnTrack program
* On\\-demand digital course library for professional development


... and other local benefits!*At Rockwell Automation we are dedicated to building a diverse, inclusive and authentic workplace, so if you're excited about this role but your experience doesn't align perfectly with every qualification in the job description, we encourage you to apply anyway. You may be just the right person for this or other roles.*
LI\\-Hybrid or \\#LI\\-db2
Rockwell Automation’s hybrid policy aligns that employees are expected to work at a Rockwell location at least Mondays, Tuesdays, and Thursdays unless they have a business obligation out of the office.","Industrial Manufacturing","https://in.indeed.com/cmp/Rockwell-Automation","https://d2q79iu7y748jz.cloudfront.net/s/_squarelogo/256x256/893613a78fa46b99b3ee5f20ff7ff201","http://www.rockwellautomation.com","1201 S. Second Street
Milwaukee, WI 53201","10,000+","$5B to $10B (USD)","We integrate control and information across the enterprise to help industrial companies and their people be more productive."
"in-96988afef57d07cc","indeed","https://in.indeed.com/viewjob?jk=96988afef57d07cc","https://workday.wd5.myworkdayjobs.com/en-US/Workday/job/INDPune/Software-Support-Engineer--Adaptive-Planning-_JR-0094343","Software Support Engineer (Adaptive Planning)","Workday","MH, IN","2025-02-26","fulltime","","","","","",True,"","","","accommodations@workday.com","Your work days are brighter here.
At Workday, it all began with a conversation over breakfast. When our founders met at a sunny California diner, they came up with an idea to revolutionize the enterprise software market. And when we began to rise, one thing that really set us apart was our culture. A culture which was driven by our value of putting our people first. And ever since, the happiness, development, and contribution of every Workmate is central to who we are. Our Workmates believe a healthy employee\\-centric, collaborative culture is the essential mix of ingredients for success in business. That’s why we look after our people, communities and the planet while still being profitable. Feel encouraged to shine, however that manifests: you don’t need to hide who you are. You can feel the energy and the passion, it's what makes us unique. Inspired to make a brighter work day for all and transform with us to the next stage of our growth journey? Bring your brightest version of you and have a brighter work day here.
At Workday, we value our candidates’ privacy and data security. Workday will never ask candidates to apply to jobs through websites that are not Workday Careers.  

Please be aware of sites that may ask for you to input your data in connection with a job posting that appears to be from Workday but is not.  

In addition, Workday will never ask candidates to pay a recruiting fee, or pay for consulting or coaching services, in order to apply for a job at Workday.
About the Team
The Workday Adaptive Planning Support team is looking for an experienced support engineer who is excited about SaaS and helping customers solve complex problems. This is a customer facing role that works closely with our product development and support analyst teams to help customers find workarounds and solutions to product issues.
About the Role
The support engineer is responsible for managing a ticket queue of cases with varying levels of complexity for the Adaptive Planning Financial Planning, Reporting, and Integration products and making sure that customers get timely updates. The ideal candidate has experience working within a SaaS support organization, enjoys working with customers, has some understanding of programming, and has experience working on SasS based enterprise web applications.  

Location \\& Shift
This position is based in the Workday Pune office. Candidates should be local to the Pune area, or must be willing to relocate to Pune. *Candidates will be expected to work from the office at least 50% of the time. Typical shift will be from 8am \\- 5pm IST. Participate in on\\-call rotation to provide after\\-hours support when needed.*
About You
Basic Qualifications* 5\\+ years’ experience in a Support related role with 2\\+ years’ experience as a support engineer, preferred in an enterprise software product
* Experience managing highly escalated cases across multiple enterprise customer accounts.
* Working knowledge of Linux, SQL, DBMS, and any of the following: Java, .NET, C\\#, or any other programming language

  

Other Qualifications* Excellent analytical skills and ability to come up with solutions / workarounds to complex problems
* Excellent written and verbal communication skills, combined with the ability to communicate with users at all levels and varying technical ability
* Proactive, empathetic, team player who is responsive to customer needs and concerns
* Have attention to detail and deep understanding of support best practices
* Experience collaborating with internal development and/or QA teams, acting as a customer advocate.
* Had previous experience or knowledge of finance and/or financial planning software applications or integrations
* Have these technical skills:
	+ Web Services / API
	+ ETL, Pentaho, Integration Implementation or Support
	+ Jenkins \\& Git
	+ K8s and Docker
	+ ELK / any log aggregation tool
	+ JavaScript


Workday is committed to providing reasonable accommodations for qualified individuals with disabilities and disabled veterans during our application process. If you need assistance or an accommodation due to a disability, contact us at accommodations@workday.com.  

Our Approach to Flexible Work  

With Flex Work, we’re combining the best of both worlds: in\\-person time and remote. Our approach enables our teams to deepen connections, maintain a strong community, and do their best work. We know that flexibility can take shape in many ways, so rather than a number of required days in\\-office each week, we simply spend at least half (50%) of our time each quarter in the office or in the field with our customers, prospects, and partners (depending on role). This means you'll have the freedom to create a flexible schedule that caters to your business, team, and personal needs, while being intentional to make the most of time spent together. Those in our remote ""home office"" roles also have the opportunity to come together in our offices for important moments that matter.
Are you being referred to one of our roles? If so, ask your connection at Workday about our Employee Referral process!","","https://in.indeed.com/cmp/Workday","https://d2q79iu7y748jz.cloudfront.net/s/_squarelogo/256x256/ff9ac6e54aca4dc8b1a7feef58e0b93a","http://www.workday.com/careers","Pleasanton, CA","10,000+","$1B to $5B (USD)","Workday brings finance, HR, and planning into one system, making it possible for enterprises of all sizes to shed their disparate systems and build better businesses."
"in-5c7fa24b0e57c874","indeed","https://in.indeed.com/viewjob?jk=5c7fa24b0e57c874","http://in.indeed.com/job/cnet-developer-5c7fa24b0e57c874","C#.Net Developer","ElementSkill","MH, IN","2025-02-26","fulltime","","","","","",False,"","","","","**WE ARE LOOKING FOR CANDIDATES WHO CAN JOIN IMMEDIATELY OR UPTO 30 DAYS FROM PUNE ONLY**

**(FEMALE CANDIDATES PREFERRED)**

We are seeking a **passionate and skilled Full Stack Developer** to join our growing team. This role involves working on cutting\\-edge projects, contributing to **system architecture and design**, and driving **scalable, high\\-performance solutions**. If you thrive in a fast\\-paced environment and want to make a real impact, this opportunity is for you!

**Key Responsibilities:**

* Participate in the **full software development lifecycle**, from design to deployment and maintenance.
* Develop and maintain **scalable, distributed systems** using **C\\# with .NET Core**.
* Work on **frontend technologies** such as **React, Angular, or Vue.js**.
* Design and implement **microservices architectures** and work with technologies like **Kubernetes, Kafka, and Docker**.
* Optimize and maintain **high\\-scale data processing pipelines**.
* Work with **databases** such as **MySQL, PostgreSQL, MongoDB, or Redis**, including stored procedures.
* Utilize **cloud services** such as **AWS or GCP** to build scalable applications.
* Collaborate with **cross\\-functional teams** to enhance software performance and functionality.
* Follow **Agile/SCRUM/SAFe** development methodologies to deliver high\\-quality software solutions.
* Continuously learn and stay updated with the latest **industry trends and technologies**.

**Required Qualifications \\& Skills:**

* **B.E./B.Tech or Master’s degree** in Computer Science, Engineering, or a related field.
* **1\\+ years** of experience in **C\\# with .NET Core** development.
* **1\\+ years** of experience with **frontend technologies** such as **React, Angular, or Vue.js**.
* Strong knowledge of **system architecture methodologies** and **scalable system design**.
* Experience working with **high\\-scale data processing** and **database management**.
* Familiarity with **microservices, Kubernetes, Kafka, and Docker**.
* Exposure to **cloud platforms** such as **AWS or GCP** (preferred).
* Proficiency in **TypeScript** is a plus.
* Strong analytical, problem\\-solving, and **data\\-driven decision\\-making** skills.
* Excellent communication skills and ability to work in a **collaborative team environment**.

**Why Join Us?**

* Be part of an **innovative, fast\\-growing, and global** technology team.
* Work in a **collaborative and creative** environment with top industry professionals.
* Opportunity to **grow your career** with exciting projects and **cutting\\-edge technologies**.
* Competitive salary, learning opportunities, and **a dynamic work culture**.

Job Type: Full\\-time

Pay: ₹400,000\\.00 \\- ₹1,700,000\\.00 per year

Schedule:

* Monday to Friday

Education:

* Bachelor's (Required)

Experience:

* C\\#: 1 year (Required)
* .NET Core: 1 year (Required)
* AWS: 1 year (Required)
* React: 1 year (Required)
* Microservices: 1 year (Required)
* Kubernetes: 1 year (Required)
* Docker: 1 year (Required)
* Kafka: 1 year (Required)

Location:

* Pune District, Maharashtra (Required)

Work Location: In person","","https://in.indeed.com/cmp/Elementskill","","","","","",""
"in-03abe19b1c75aebd","indeed","https://in.indeed.com/viewjob?jk=03abe19b1c75aebd","https://mycareer.hsbc.com/en_GB/external/PipelineDetail/Java-Python-Selenium-Automation-Functional-test-Engineer-Senior-Consultant-Specialist/259500","Java, Python, Selenium Automation & Functional test Engineer/Senior Consultant Specialist","HSBC","MH, IN","2025-02-26","fulltime","","","","","",False,"","","","","Job description
Some careers shine brighter than others.


If you’re looking for a career that will help you stand out, join HSBC and fulfil your potential. Whether you want a career that could take you to the top, or simply take you in an exciting new direction, HSBC offers opportunities, support and rewards that will take you further.


HSBC is one of the largest banking and financial services organisations in the world, with operations in 64 countries and territories. We aim to be where the growth is, enabling businesses to thrive and economies to prosper, and, ultimately, helping people to fulfil their hopes and realise their ambitions.


We are currently seeking an experienced professional to join our team in the role of Senior Consultant Specialist.


Work Location: Pune


In this role, you will:


* Individual contributor on testing function – Creating test plan, test scripts, test execution. Core Skills – Domain expertise (Payments, Liquidity), Automation (Java, Python)
* Prepare test artefacts of the testing function, ensuring alignment with organizational goals and IT strategies.
* Working with multiple testing teams, ensuring that testing phases for projects are executed to the highest standards.
* Well versed with Agile concepts, can bring in transformation for testing through shift left techniques.
* Champion the adoption of advanced testing methodologies and automation, driving improvements in efficiency and quality.
* Engage with global testing teams to share best practices and integrate advanced testing approaches across the organization.
* Manage relationships with vendors, conducting thorough testing to identify product weaknesses and collaborating on comprehensive improvement plans. Represent testing at Project level meetings and status reporting.
* Experience in working with Business stakeholders and partner with them on deliver quality product. Escalate risks to testing delivery, ensuring risks are managed to acceptable levels.
Requirements
To be successful in this role, you should meet the following requirements:


* Overall 10\\+ years of experience, with at least 2\\-3 years of experience of leading large mission critical applications from quality assurance, testing and Automation perspective.
* Good understanding of liquidity/payments business. Proven experience in user requirement management in an IT environment.
* Strong analytical and problem\\-solving skills. Excellent communication and interpersonal skills. Ability to translate business needs into clear and concise technical requirements.
* Experience with requirement tracking tools and benefit realization frameworks. Familiarity with agile methodologies and project management principles. Detail\\-oriented with a focus on accuracy and completeness.
* Should have good experience on Test automation tools – Selenium, Cucumber, Rest\\-Assured
* Good knowledge on Maven, GIT, Jenkins, Java. Good Knowledge of Page Object Model and Data Driven Design Pattern.
* In depth knowledge of integrating Automation scripts using CICD pipelines such as Jenkins, etc.
* Proficient in scripting for automation of manual tests and having very good logic and reasoning. Good knowledge of SQL. Good communication skills

You’ll achieve more when you join HSBC.


www.hsbc.com/careers


HSBC is committed to building a culture where all employees are valued, respected and opinions count. We take pride in providing a workplace that fosters continuous professional development, flexible working and opportunities to grow within an inclusive and diverse environment. Personal data held by the Bank relating to employment applications will be used in accordance with our Privacy Statement, which is available on our website.


Issued by – HSBC Software Development India","","https://in.indeed.com/cmp/HSBC","https://d2q79iu7y748jz.cloudfront.net/s/_squarelogo/256x256/2b4eeb3e6014ea36e3c02d2c339c675a","https://www.hsbc.com","London, England","10,000+","more than $10B (USD)","HSBC is one of the world’s largest banking and financial services organisations. We serve more than 40 million customers across a network that covers 64 countries and territories."
"in-24a0fa47e458f3f0","indeed","https://in.indeed.com/viewjob?jk=24a0fa47e458f3f0","https://www.virtusa.com/careers/in/pune/core-tech-java/java-developer/creq206981?jobid=CREQ206981-1784613497&source=Indeed","Java Developer","Virtusa","MH, IN","2025-02-25","fulltime","","","","","",False,"","","","","P1 C3 STS
  

  

Primary skills \\- Java, Spring Boot
  

Secondary skill \\- Junit , CI\\-CD, Good Knowledge in JIRA
  

  

Good Experience in Test Driven Development
  

Good Knowledge in JUnits, Mockito
  

Extreme Knowledge Experience in CI\\-CD
  

Good Knowledge in Maven Scripting, Ansible Play books
  

Identify and analyze user requirements
  

Prioritize, assign, and execute tasks throughout the software development life cycle
  

Develop Java EE applications
  

Write well\\-designed, efficient code
  

Problem\\-solving abilities
  

Review, test, and debug subordinates code
  

Design database architecture
  

Schedule product releases with internal teams
  

Document development phases
  

Ensure our applications are scalable, secure, and up to date
  

Good delegation and time management skills
  

Capability to manage a Team
  

Good Knowledge in Code Repositories like GITHUB, SVN
  

Good knowledge in JIRA Rally
  

Flexible timing and working experience with offshore\\-onshore model**About Virtusa**



Teamwork, quality of life, professional and personal development: values that Virtusa is proud to embody. When you join us, you join a team of 27,000 people globally that cares about your growth — one that seeks to provide you with exciting projects, opportunities and work with state of the art technologies throughout your career with us.



Great minds, great potential: it all comes together at Virtusa. We value collaboration and the team environment of our company, and seek to provide great minds with a dynamic place to nurture new ideas and foster excellence.



Virtusa was founded on principles of equal opportunity for all, and so does not discriminate on the basis of race, religion, color, sex, gender identity, sexual orientation, age, non\\-disqualifying physical or mental disability, national origin, veteran status or any other basis covered by appropriate law. All employment is decided on the basis of qualifications, merit, and business need.","","https://in.indeed.com/cmp/Virtusa","https://d2q79iu7y748jz.cloudfront.net/s/_squarelogo/256x256/e84ecd092bb1b6cc1b1585d0caabae23","https://www.virtusa.com","Westborough, MA","10,000+","$1B to $5B (USD)",""
"li-3807707414","linkedin","https://www.linkedin.com/jobs/view/3807707414","https://app.greenhouse.io/embed/job_app?token=5857170003&gh_src=961e65dc3us&source=LinkedIn&urlHash=lwQU","Software Engineer - Backend (3-5yrs), Pune","PhonePe","Pune, Maharashtra, India","2025-02-19","fulltime","","","","","","","associate","Engineering and Information Technology","","","**About PhonePe Group:**
 PhonePe is India’s leading digital payments company with 50 crore (500 Million) registered users and 3\\.7 crore (37 Million) merchants covering over 99% of the postal codes across India. On the back of its leadership in digital payments, PhonePe has expanded into financial services (Insurance, Mutual Funds, Stock Broking, and Lending) as well as adjacent tech\\-enabled businesses such as Pincode for hyperlocal shopping and Indus App Store which is India's first localized App Store. The PhonePe Group is a portfolio of businesses aligned with the company's vision to offer every Indian an equal opportunity to accelerate their progress by unlocking the flow of money and access to services.
   

  

**Culture**
 At PhonePe, we take extra care to make sure you give your best at work, Everyday! And creating the right environment for you is just one of the things we do. We empower people and trust them to do the right thing. Here, you own your work from start to finish, right from day one. Being enthusiastic about tech is a big part of being at PhonePe. If you like building technology that impacts millions, ideating with some of the best minds in the country and executing on your dreams with purpose and speed, join us!
   

  

**Challenges**
 Building for Scale, Rapid Iterative Development, and Customer\\-centric Product Thinking at each step defines every day for a developer at PhonePe. Though we engineer for a 50million\\+ strong user base, we code with every individual user in mind. While we are quick to adopt the latest in Engineering, we care utmost for security, stability, and automation. Apply if you want to experience the best combination of passionate application development and product\\-driven thinking
   

  

**As a Software Engineer:**
* You will build Robust and scalable web\\-based applications You will need to think of platforms \\& reuse
* Build abstractions and contracts with separation of concerns for a larger scope
* Drive problem\\-solving skills for high\\-level business and technical problems.
* Do high\\-level design with guidance; Functional modeling, break\\-down of a module
* Do incremental changes to architecture: impact analysis of the same
* Do performance tuning and improvements in large scale distributed systems
* Mentor young minds and foster team spirit, break down execution into phases to bring predictability to overall execution
* Work closely with Product Manager to derive capability view from features/solutions, Lead execution of medium\\-sized projects
* Work with broader stakeholders to track the impact of projects/features and proactively iterate to improve them As a senior software engineer you must have
* Extensive and expert programming experience in at least one general programming language (e.g. Java, C, C\\+\\+) \\& tech stack to write maintainable, scalable, unit\\-tested code.
* Experience with multi\\-threading and concurrency programming
* Extensive experience in object\\-oriented design skills, knowledge of design patterns, and huge passion and ability to design intuitive module and class\\-level interfaces
* Excellent coding skills – should be able to convert the design into code fluently
* Knowledge of Test Driven Development
* Good understanding of databases (e.g. MySQL) and NoSQL (e.g. HBase, Elasticsearch, Aerospike, etc)
* Strong desire to solving complex and interesting real\\-world problems
* Experience with full life cycle development in any programming language on a Linux platform
* Go\\-getter attitude that reflects in energy and intent behind assigned tasks
* Worked in a startups environment with high levels of ownership and commitment
* BTech, MTech, or Ph.D. in Computer Science or related technical discipline (or equivalent).
* Experience in building highly scalable business applications, which involve implementing large complex business flows and dealing with a huge amount of data.
* 3 \\+ years of experience in the art of writing code and solving problems on a Large Scale.
* An open communicator who shares thoughts and opinions frequently listens intently and takes constructive feedback.


**As a Software Engineer, good to have**
* The ability to drive the design and architecture of multiple subsystems
* Ability to break\\-down larger/fuzzier problems into smaller ones in the scope of the product
* Understanding of the industry’s coding standards and an ability to create appropriate technical documentation.


**PhonePe Full Time Employee Benefits (Not applicable for Intern or Contract Roles)**
* Insurance Benefits \\- Medical Insurance, Critical Illness Insurance, Accidental Insurance, Life Insurance
* Wellness Program \\- Employee Assistance Program, Onsite Medical Center, Emergency Support System
* Parental Support \\- Maternity Benefit, Paternity Benefit Program, Adoption Assistance Program, Day\\-care Support Program
* Mobility Benefits \\- Relocation benefits, Transfer Support Policy, Travel Policy
* Retirement Benefits \\- Employee PF Contribution, Flexible PF Contribution, Gratuity, NPS, Leave Encashment
* Other Benefits \\- Higher Education Assistance, Car Lease, Salary Advance Policy


***Working at PhonePe is a rewarding experience! Great people, a work environment that thrives on creativity, the opportunity to take on roles beyond a defined job description are just some of the reasons you should work with us. Read more about PhonePe on our blog.***
**Life at PhonePe**
**PhonePe in the news**","Software Development","https://in.linkedin.com/company/phonepe-internet","https://media.licdn.com/dms/image/v2/D560BAQHLOrShxWW33g/company-logo_100_100/company-logo_100_100/0/1732870614932/phonepe_internet_logo?e=2147483647&v=beta&t=09gfiudcKM9d5Urbb5ZWLBlHIshGNxCo6uG3oQpoL_g","","","","",""
"li-4150460940","linkedin","https://www.linkedin.com/jobs/view/4150460940","https://careers.db.com/professionals/search-roles/?test.html%3Fkid%3D=linkedinjobwrap#/professional/job/60230&urlHash=ntcd","Software Engineer, AS","Deutsche Bank","Pune, Maharashtra, India","2025-02-19","fulltime","","","","","","","not applicable","Engineering and Information Technology","","","**Position Overview**
**Job Title:** 
**Software Engineer**
**Location: Pune, India**
**Corporate Title:** 
**Associate**
**Role Description**
* We’re looking for creative thinkers and innovators to join us as the world continues to transform. As whole markets change, one thing remains clear; our people always work together to capture the opportunities of tomorrow. That’s why we are ‘Investors for a new now’.
* As a Software Engineer, you’ll be an integral part of the Cloud Applications team based in Bangalore/Pune. We are a team with seriously big ambitions. You’ll help us achieve our goal of cloud automation which will allow faster time to market, reduce operational costs and increase productivity.


**Team / Division Overview**
* Cloud applications team leads the way of automations in the bank under hybrid cloud banner. The team works on multiple key projects to derive best values through collaborations with various teams to support the organizational strategies. We help legacy systems to move their infrastructure to cloud in the best intuitive way possible. Compliance reporting for cloud is one of our key functions.


**What We’ll Offer You**
 As part of our flexible scheme, here are just some of the benefits that you’ll enjoy
   

  

* Best in class leave policy
* Gender neutral parental leaves
* 100% reimbursement under childcare assistance benefit (gender neutral)
* Sponsorship for Industry relevant certifications and education
* Employee Assistance Program for you and your family members
* Comprehensive Hospitalization Insurance for you and your dependents
* Accident and Term life Insurance
* Complementary Health screening for 35 yrs. and above


**Your Key Responsibilities**
 As a Software Engineer you will:
   

  

* Design, develop, and maintain scalable web applications using GCP services.
* Collaborate with cross\\-functional teams to define, design, and ship new features.
* Write clean, maintainable, and efficient code for both front\\-end and back\\-end components.
* Implement and manage CI/CD pipelines for automated deployment.
* Optimize applications for maximum speed and scalability.
* Troubleshoot and debug issues across the stack.
* Ensure the technical feasibility of UI/UX designs.
* Stay up\\-to\\-date with emerging technologies and industry trends.
* Test Automation using cucumber/selenium or similar frameworks.


**Your Skills And Experience**
* Bachelor’s degree in Computer Science, Engineering, or a related field.
* Proven experience as a Full Stack Developer or similar role.
* Strong proficiency in front\\-end technologies (HTML, CSS, JavaScript, React, Angular, or Vue.js).
* Solid experience with back\\-end technologies (Node.js, Python, Java, or Go).
* Hands\\-on experience with GCP services (GKE, Compute Engine, App Engine, Cloud Functions, Cloud Storage, etc.).
* Familiarity with database technologies (SQL, PostgreSQL, NoSQL).
* Experience with containerization and orchestration tools (Docker, Kubernetes).
* Knowledge of CI/CD tools (Jenkins, GitLab CI, or similar).


**How We’ll Support You**
* Training and development to help you excel in your career
* Coaching and support from experts in your team
* A culture of continuous learning to aid progression
* A range of flexible benefits that you can tailor to suit your needs


**About Us And Our Teams**
 Please visit our company website for further information:
   

  

**https://www.db.com/company/company.htm**
 We strive for a culture in which we are empowered to excel together every day. This includes acting responsibly, thinking commercially, taking initiative and working collaboratively.
   

  

 Together we share and celebrate the successes of our people. Together we are Deutsche Bank Group.
   

  

 We welcome applications from all people and promote a positive, fair and inclusive work environment.","Financial Services","https://de.linkedin.com/company/deutsche-bank","https://media.licdn.com/dms/image/v2/D4E0BAQHPxOQjSTf63Q/company-logo_100_100/company-logo_100_100/0/1733126326977?e=2147483647&v=beta&t=Sox1AP2RLBDINbiSLzHmDnuHDV-LTcQdBKVQ2b6mFVg","","","","",""
"li-4158953152","linkedin","https://www.linkedin.com/jobs/view/4158953152","","Front End Developer","Spiralyze","Pune, Maharashtra, India","2025-02-19","fulltime","","","","","","","mid-senior level","Engineering and Information Technology","","","Spiralyze uses data\\-driven design to help our clients generate more revenue from their website traffic. We figure out what makes visitors buy, we design solutions, and we measure impact with A/B testing.
   

  

 Our clients are major brands that already have great websites and great design teams. They want us to lead the transition to a data\\-centric approach with conversion as the primary goal.
   

  

 Responsibilities:
   

  

* Collaborate with UX/UI designers to translate design mockups into interactive web applications
* Collaborate with other team members and stakeholders
* Incorporate interactivity, animations, and transitions to enhance user engagement and usability
* Conduct thorough testing to ensure feature compatibility and responsiveness across different browsers and devices
* Focus on improving user experience by optimizing UI elements, navigation flows, and interaction patterns
* Conduct usability testing and gather feedback to identify pain points and areas for improvement


 Requirements:
   

  

* 3\\+ years of UI development experience
* Extreme attention to detail in translating design to pixel\\-perfect implementation
* Advanced knowledge of HTML, CSS, JavaScript, jQuery, Web/Mobile responsive design
* Strong knowledge of Client\\-Server Architecture
* DOM Jedi
* Experience integrating front\\-end interactions using JavaScript and jQuery (Experience creating animations \\& micro\\-interactions a plus)
* Experience developing a responsive design with media queries
* Ability to work in a fast\\-paced environment. Ability to take ownership and to be committed to your work and deliverables
* Proven experience estimating work accurately and driving to defined milestones
* Excellent oral and written communication skills are required
* Must be able to take direction, work well as part of a team, and independently


 Benefits:
   

  

* Cutting\\-edge work: Learn from the leaders in the high growth Conversion Rate Optimization sector
* Work location: Permanently remote
* Full\\-time position with semi\\-flexible working hours: Must overlap for at least 4 hours each day with ET (usually 8 AM to 12 PM EST), the other 4 hours are up to you!
* Technological reimbursement: Need a new computer? New software? We will help!
* Education: You’ll have the opportunity to level up your skills with company\\-sponsored courses and training
* 20 days of paid vacation plus holidays


 Powered by JazzHR
   

  

 CEOiDmByqG","Internet Publishing","https://www.linkedin.com/company/spiralyze","https://media.licdn.com/dms/image/v2/C4E0BAQHZdQ7C18-VSw/company-logo_100_100/company-logo_100_100/0/1630577185951/spiralyze_logo?e=2147483647&v=beta&t=YhsnBUJBdMtqQ0t-FIZoU3rGlA0IzcWgSSqS-zgf-2c","","","","",""
"li-4095525022","linkedin","https://www.linkedin.com/jobs/view/4095525022","https://eeho.fa.us2.oraclecloud.com/hcmUI/CandidateExperience/en/job/270677/?utm_medium=jobboard&utm_source=LinkedIn&urlHash=0cd3","Software Developer 1","Oracle","Pune, Maharashtra, India","2025-02-15","fulltime","","","","","","","mid-senior level","Engineering and Information Technology","","","**Job Description**
 Design, develop, troubleshoot and debug software programs for databases, applications, tools, networks etc.
   

  

 Career Level \\- IC1
   

  

**Responsibilities**
 As a member of the software engineering division, you will use basic knowledge of software architecture to perform tasks associated with developing, debugging or designing software applications or operating systems according to provided design specifications. Build enhancements within an existing software architecture.
   

  

**About Us**
 As a world leader in cloud solutions, Oracle uses tomorrow’s technology to tackle today’s problems. True innovation starts with diverse perspectives and various abilities and backgrounds.
   

  

 When everyone’s voice is heard, we’re inspired to go beyond what’s been done before. It’s why we’re committed to expanding our inclusive workforce that promotes diverse insights and perspectives.
   

  

 We’ve partnered with industry\\-leaders in almost every sector—and continue to thrive after 40\\+ years of change by operating with integrity.
   

  

 Oracle careers open the door to global opportunities where work\\-life balance flourishes. We offer a highly competitive suite of employee benefits designed on the principles of parity and consistency. We put our people first with flexible medical, life insurance and retirement options. We also encourage employees to give back to their communities through our volunteer programs.
   

  

 We’re committed to including people with disabilities at all stages of the employment process. If you require accessibility assistance or accommodation for a disability at any point, let us know by calling \\+1 888 404 2494, option one.
   

  

**Disclaimer:**
 Oracle is an Equal Employment Opportunity Employer\\*. All qualified applicants will receive consideration for employment without regard to race, color, religion, sex, national origin, sexual orientation, gender identity, disability and protected veterans’ status, or any other characteristic protected by law. Oracle will consider for employment qualified applicants with arrest and conviction records pursuant to applicable law.
   

  

* Which includes being a United States Affirmative Action Employer","IT Services and IT Consulting","https://www.linkedin.com/company/oracle","https://media.licdn.com/dms/image/v2/D4E0BAQHYCgYovUuPtQ/company-logo_100_100/company-logo_100_100/0/1665755678957/oracle_logo?e=2147483647&v=beta&t=55lZDJhHdt3oPj2_gdPpymKz6Wv_9atXeO-CBFzAm6c","","","","",""
"li-4152472715","linkedin","https://www.linkedin.com/jobs/view/4152472715","https://grnh.se/d94bc52d3us?source=LinkedIn&urlHash=Z0JJ","Frontend Developer","GoDaddy","Pune, Maharashtra, India","2025-02-13","fulltime","","","","","","","mid-senior level","Engineering","","myrecruiter@godaddy.com","**Location Details:** 




 At GoDaddy the future of work looks different for each team. Some teams work in the office full\\-time; others have a hybrid arrangement (they work remotely some days and in the office some days) and some work entirely remotely.​
 



  





 We hire for hybrid roles in Pune and Gurugram.
 



  





**Evergreen Opportunity Across Multiple Levels** 




 This is an evergreen job posting, meaning we’re always seeking talented software engineers to join our team for various roles at various levels. Whether you’re a mid\\-level engineer building your expertise or a senior engineer ready to lead impactful projects, we'll search for the right opportunity to match your skills. If we don't have a match for your skillset at this time, we'll contact you for next steps when we do.
 



  





 Your level will be determined through our interview process, where we assess your skills, technical capabilities and potential for growth. We welcome candidates from diverse backgrounds and experiences to apply.
 



  





**Join Our Team** 




 Are you excited about building world\\-class software solutions that will power millions of customers globally? At GoDaddy, our engineers are key players in building innovative platforms that drive our core businesses, from payments and eCommerce to identity security and customer care. Whether you’re passionate about creating highly scalable systems or developing seamless customer experiences, we have a role for you. Join us and shape the future of software at GoDaddy!
 



  





 We’re looking for talented Front\\-End Software Development Engineers to join our team. In this role, you will craft exceptional user experiences by building modern, responsive, and accessible web applications. Your work will directly impact how millions of entrepreneurs interact with GoDaddy’s platform, helping them turn their ideas into reality.
 



  





**What you'll get to do...** 



* Develop and maintain front\\-end applications using modern frameworks and libraries.
* Build responsive, scalable, and accessible user interfaces that work seamlessly across devices.
* Collaborate with product managers, designers, and back\\-end engineers to create end\\-to\\-end solutions.
* Optimize web applications for speed, performance, and reliability.
* Write clean, maintainable, and testable code while adhering to best practices in front\\-end development.
* Stay up\\-to\\-date with the latest front\\-end technologies, tools, and trends to continuously improve our products.



  





**Your experience should include...** 



* 3\\+ years experience developing front\\-end applications with a strong focus on usability and performance.
* Good knowledge of HTML, CSS, and JavaScript, as well as modern libraries/frameworks like React, Angular, or Vue.js.
* Experience in creating responsive and mobile\\-first designs that provide seamless user experiences across devices.
* Understanding of browser development tools, debugging techniques, and testing frameworks.
* Knowledge of component\\-based architecture and micro\\-frontends.



  





**We've got your back...** 
 We offer a range of total rewards that may include paid time off, retirement savings (e.g., 401k, pension schemes), bonus/incentive eligibility, equity grants, participation in our employee stock purchase plan, competitive health benefits, and other family\\-friendly benefits including parental leave. GoDaddy’s benefits vary based on individual role and location and can be reviewed in more detail during the interview process.
 



 We also embrace our diverse culture and offer a range of Employee Resource Groups (Culture). Have a side hustle? No problem. We love entrepreneurs! Most importantly, come as you are and make your own way.
 



  





**About us...** 
 GoDaddy is empowering everyday entrepreneurs around the world by providing the help and tools to succeed online, making opportunity more inclusive for all. GoDaddy is the place people come to name their idea, build a professional website, attract customers, sell their products and services, and manage their work. Our mission is to give our customers the tools, insights, and people to transform their ideas and personal initiative into success. To learn more about the company, visit About Us.
 



  





 At GoDaddy, we know diverse teams build better products—period. Our people and culture reflect and celebrate that sense of diversity and inclusion in ideas, experiences and perspectives. But we also know that’s not enough to build true equity and belonging in our communities. That’s why we prioritize integrating diversity, equity, inclusion and belonging principles into the core of how we work every day—focusing not only on our employee experience, but also our customer experience and operations. It’s the best way to serve our mission of empowering entrepreneurs everywhere, and making opportunity more inclusive for all. To read more about these commitments, as well as our representation and pay equity data, check out our Diversity and Pay Parity annual report which can be found on our Diversity Careers page.
 



  





*GoDaddy is proud to be an equal opportunity employer. GoDaddy will consider for employment qualified applicants with criminal histories in a manner consistent with local and federal requirements.* 
*Refer to our full* 
*EEO policy.* 




  





 Our recruiting team is available to assist you in completing your application. If they could be helpful, please reach out to myrecruiter@godaddy.com.
 



  





**GoDaddy doesn’t accept unsolicited resumes from recruiters or employment agencies.**","Technology, Information and Internet","https://www.linkedin.com/company/godaddy","https://media.licdn.com/dms/image/v2/C560BAQFBubd4youVzg/company-logo_100_100/company-logo_100_100/0/1636569873716/godaddy_logo?e=2147483647&v=beta&t=9oeGRE8CPvIIP89RtEL74raQcb-aRkxDGA3LGV0f41E","","","","",""
"li-4149904221","linkedin","https://www.linkedin.com/jobs/view/4149904221","https://gyaan.keka.com/careers/jobdetails/18202?source=LinkedIn&urlHash=m4TA","Junior Frontend Developer (React)","Gyaan","Pune, Maharashtra, India","2025-02-11","fulltime","","","","","","","entry level","Engineering and Information Technology","","","**About Gyaan**
 Gyaan empowers Go\\-To\\-Market teams to ascend to new heights in their sales performance, unlocking boundless opportunities for growth. We're passionate about helping sales teams excel beyond expectations. Our pride lies in assembling an unparalleled team and crafting a crucial solution that becomes an indispensable tool for our users. With Gyaan, sales excellence becomes an attainable reality.
   

  

**About The Job**
 Gyaan is looking for an experienced React JS Developer to join our dynamic team! As a React JS Developer, you will be responsible for building responsive and scalable applications using React JS and associated tooling (Redux, Jest, Cypress \\& BuildPacks).
   

  

**Must\\-Have Skills**
* 2\\-4 years of production experience with React JS and associated tooling (Redux \\& Unit Testing)
* 1\\+ years of Typescript experience, including asynchronous programming, closures, types, and ES6/ES7\\.
* Thorough understanding of React.js and its core principles, including virtual DOM, data binding, State \\& Props and React Lifecycle and Redux.
* Good Experience with HTML, CSS3/JSS \\& Material UI, etc.
* Knowledge of cross\\-browser compatibilities, responsiveness, and web accessibility standards.
* Strong understanding of software engineering best practices, including unit testing, code reviews, design documentation, debugging, troubleshooting, and agile development.


**Qualifications**
* Bachelor’s degree in Computer Science or equivalent experience.


 If you are passionate about React JS development and have the required qualifications, we want to hear from you! You must be an excellent verbal and written communicator, enjoy collaborating with others, and welcome discussing a plan upfront. We offer a competitive salary, flexible work hours, and a dynamic work environment.
   

  

 Apply now and join our team of skilled professionals!","Software Development","https://www.linkedin.com/company/gyaanai","https://media.licdn.com/dms/image/v2/C4D0BAQFYJKXc0mkcTA/company-logo_100_100/company-logo_100_100/0/1675251991631/gyaanai_logo?e=2147483647&v=beta&t=0o8IUwO2hgRL-qZPKoYZ-HL2KqIi_sTw-kZOFU_wN2k","","","","",""
"li-4149902583","linkedin","https://www.linkedin.com/jobs/view/4149902583","https://gyaan.keka.com/careers/jobdetails/21291?source=LinkedIn&urlHash=SD5Y","Junior Backend Engineer (Python)","Gyaan","Pune, Maharashtra, India","2025-02-11","fulltime","","","","","","","not applicable","Engineering and Information Technology","","","**About Gyaan**
 Gyaan empowers Go\\-To\\-Market teams to ascend to new heights in their sales performance, unlocking boundless opportunities for growth. We're passionate about helping sales teams excel beyond expectations. Our pride lies in assembling an unparalleled team and crafting a crucial solution that becomes an indispensable tool for our users. With Gyaan, sales excellence becomes an attainable reality.
   

  

**About The Job**
 Gyaan is seeking an experienced backend developer with expertise in Python, Django, AWS, and Redis to join our dynamic team! As a backend developer, you will be responsible for building responsive and scalable applications using Python, Django, and associated technologies.
   

  

**Required Qualifications**
* 1\\-3 years of hands\\-on experience programming in Python, Django
* Good understanding of CI/CD tools (Github Action, Gitlab CI) in a SaaS environment.
* Experience in building and running modern full\\-stack cloud applications using public cloud technologies such as AWS/
* Proficiency with at least one relational database system like MySQL, Oracle, or PostgreSQL.
* Experience with unit and integration testing.
* Effective communication skills, both written and verbal, to convey complex problems across different levels of the organization and to customers.
* Familiarity with Agile methodologies, software design lifecycle, and design patterns.
* Detail\\-oriented mindset to identify and rectify errors in code or product development workflow.
* Willingness to learn new technologies and concepts quickly, as the ""cloud\\-native"" field evolves rapidly.


**Must Have Skills**
* Python
* Django Framework
* AWS
* Redis
* Database Management


**Qualifications**
* Bachelor’s degree in Computer Science or equivalent experience.


 If you are passionate about solving problems and have the required qualifications, we want to hear from you! You must be an excellent verbal and written communicator, enjoy collaborating with others, and welcome discussing a plan upfront. We offer a competitive salary, flexible work hours, and a dynamic work environment.
   

  

 Apply now and join our team of skilled professionals!
   

  

 To apply, please submit your resume, portfolio, and a cover letter explaining why you're the ideal candidate for this role.","Software Development","https://www.linkedin.com/company/gyaanai","https://media.licdn.com/dms/image/v2/C4D0BAQFYJKXc0mkcTA/company-logo_100_100/company-logo_100_100/0/1675251991631/gyaanai_logo?e=2147483647&v=beta&t=0o8IUwO2hgRL-qZPKoYZ-HL2KqIi_sTw-kZOFU_wN2k","","","","",""
"li-4144169151","linkedin","https://www.linkedin.com/jobs/view/4144169151","https://easebuzz.hire.trakstar.com/jobs/fk0pzge/&urlHash=KBbE","SQL Developer","Easebuzz","Pune, Maharashtra, India","2025-02-07","fulltime","","","","","","","entry level","Information Technology","","","**Company Profile**
 Easebuzz is a payment solutions (fintech organisation) company which enables online merchants to accept, process and disburse payments through developer friendly APIs. We are focusing on building plug n play products including the payment infrastructure to solve complete business problems. Definitely a wonderful place where all the actions related to payments, lending, subscription, eKYC is happening at the same time.
   

  

 We have been consistently profitable and are constantly developing new innovative products, as a result, we are able to grow 4x over the past year alone. We are well capitalised and have recently closed a fundraise of $4M in March, 2021 from prominent VC firms and angel investors. Easebuzz’s corporate culture is tied into the vision of building a workplace which breeds open communication and minimal bureaucracy. An equal opportunity employer, we welcome and encourage diversity in the workplace. One thing you can be sure of is that you will be surrounded by colleagues who are committed to helping each other grow.
   

  

 Easebuzz Pvt. Ltd. has its presence in Pune, Mumbai, Bangalore, Gurugram
   

  

**Technical Skills**
* 2\\+ years of experience with SQL, including writing complex queries and joins.
* Hands\\-on experience with MS Excel (VLOOKUP, Pivot Tables, Data Validation, etc.).
* Working knowledge of Python for data analysis and automation is a plus.
* Working knowledge of Git for version control.
* Experience in complex joins and data transformations across multiple tables.
* Ability to generate and automate reports based on operational requirements.
* Knowledge of payment gateways, banking systems, or reconciliation processes in fintech is an advantage.


**Operational \\& Soft Skills**
* Strong communication skills to coordinate with internal team.
* Ability to own and deliver projects proactively with minimal supervision.
* Analytical thinking and problem\\-solving approach for data\\-driven decision\\-making.
* Good time management skills to meet time\\-sensitive requirements.
* Documentation skills to maintain clear and structured records of processes and deliverables.
* Strong attention to detail to minimize errors in data handling and reporting.
* Experience in monitoring transaction flows and identifying anomalies or fraudulent activities.


**Employment Type**
 Full\\-Time","Software Development","https://in.linkedin.com/company/easebuzz","https://media.licdn.com/dms/image/v2/D4D0BAQF1YNJTvpkJ4w/company-logo_100_100/company-logo_100_100/0/1695977627815/easebuzz_logo?e=2147483647&v=beta&t=yaW2oxE1RJBNH7dpKBfU7shaEYL11bvDaEytYJUKdaU","","","","",""
"li-4144642605","linkedin","https://www.linkedin.com/jobs/view/4144642605","https://career.infosys.com/jobdesc?jobReferenceCode=INFSYS-EXTERNAL-201363&urlHash=kAph","Python Developer","Infosys","Pune, Maharashtra, India","2025-02-05","fulltime","","","","","","","associate","Information Technology","","","**Responsibilities** 




 Write clean, maintainable, and efficient Python code for backend services or applications. Develop RESTful APIs or work on web applications using frameworks like Django or Flask. Implement data extraction, transformation, and loading (ETL) processes using Python. Collaborate with front\\-end developers and other team members to ensure seamless integration. Test and debug applications to ensure they meet quality and performance standards. Participate in code reviews and contribute to the development of coding standards. Keep up\\-to\\-date with Python libraries and tools relevant to the project.
 



**Technical and Professional Requirements:** 




 • Primary skills: Technology\\-\\>Machine Learning\\-\\>Python
 



**Preferred Skills:** 




 Technology\\-\\>Machine Learning\\-\\>Python
 



**Additional Responsibilities:** 




 Skills Required: Strong proficiency in Python 3\\.x. Experience with at least one Python web framework (Django, Flask, etc.). Knowledge of database technologies, including SQL and ORM (e.g., SQLAlchemy). Familiarity with version control systems like Git. Basic understanding of front\\-end technologies (HTML, CSS, JavaScript). Experience with unit testing frameworks like pytest or unittest. Knowledge of REST API design principles.
 



  





**Educational Requirements** 




  





 MCA, MTech, Bachelor of Engineering, BCA, BSc, BTech","IT Services and IT Consulting","https://in.linkedin.com/company/infosys","https://media.licdn.com/dms/image/v2/D4D0BAQE7Zf1-vvfbUA/company-logo_100_100/company-logo_100_100/0/1692876768583/infosys_logo?e=2147483647&v=beta&t=97JBbbuq2-RM9553tu_mnMtg_cQU7DSEPtFWT28uwkc","","","","",""
"li-4112873792","linkedin","https://www.linkedin.com/jobs/view/4112873792","https://career.infosys.com/jobdesc?jobReferenceCode=INFSYS-EXTERNAL-201562&urlHash=wu8_","React JS","Infosys","Pune, Maharashtra, India","2025-01-29","fulltime","","","","","","","mid-senior level","Engineering","","","**Responsibilities** 




 Build and enhance user interface components using React.js. Translate designs and wireframes into high\\-quality code. Ensure the technical feasibility of UI/UX designs. Optimize components for maximum speed and scalability. Collaborate with backend developers to integrate React components with server\\-side logic. Implement responsive design principles for various device sizes. Participate in code reviews, debugging, and testing.
 



**Technical and Professional Requirements:** 




 Reactive Programming\\-\\>react JS
 



**Preferred Skills:** 




 Technology\\-\\>Reactive Programming\\-\\>react JS
 



**Additional Responsibilities:** 




 Strong proficiency in JavaScript, including DOM manipulation and the JavaScript object model. Thorough understanding of React.js and its core principles (e.g., Virtual DOM, state, props). Experience with modern JavaScript (ES6\\+), HTML5, and CSS3\\. Knowledge of state management libraries like Redux or Context API. Familiarity with RESTful APIs and modern authorization mechanisms (like JWT). Basic understanding of unit testing with frameworks like Jest. Experience with version control systems, particularly Git. Diversity and Inclusion: At Infosys, we're dedicated to building a team as diverse as the technology we create, particularly welcoming more women in tech to join our ranks. We understand that innovation thrives in an inclusive environment, and we're actively seeking to increase representation from all backgrounds, especially in technology roles. Our commitment to equality means we're excited to see applications from women who are passionate about tech, contributing to our vision of a balanced and dynamic workforce. Here, every individual's potential is nurtured, and we're keen to see more women leading our tech initiatives. Join us in crafting the future of technology, where diversity is not just a goal but a strength.
 



**Educational Requirements** 




 BTech,MSc,MCA,MTech,BCA,BSc,Bachelor of Engineering","IT Services and IT Consulting","https://in.linkedin.com/company/infosys","https://media.licdn.com/dms/image/v2/D4D0BAQE7Zf1-vvfbUA/company-logo_100_100/company-logo_100_100/0/1692876768583/infosys_logo?e=2147483647&v=beta&t=97JBbbuq2-RM9553tu_mnMtg_cQU7DSEPtFWT28uwkc","","","","",""
"li-4117409733","linkedin","https://www.linkedin.com/jobs/view/4117409733","https://career.infosys.com/jobdesc?jobReferenceCode=INFSYS-EXTERNAL-201602&urlHash=YcYD","React JS Developer","Infosys","Pune, Maharashtra, India","2025-01-28","fulltime","","","","","","","associate","Information Technology","","","Job Description
 



 Hiring for React JS Developer with experience range 3\\+ years \\& above.
 



 Mandatory Skills: React js, React Native, Ui developer ,Front end developer
 



 Education: BE/B.Tech/MCA/M.Tech/MSc/BSc/BCA","IT Services and IT Consulting","https://in.linkedin.com/company/infosys","https://media.licdn.com/dms/image/v2/D4D0BAQE7Zf1-vvfbUA/company-logo_100_100/company-logo_100_100/0/1692876768583/infosys_logo?e=2147483647&v=beta&t=97JBbbuq2-RM9553tu_mnMtg_cQU7DSEPtFWT28uwkc","","","","",""
"li-4147081626","linkedin","https://www.linkedin.com/jobs/view/4147081626","https://careers.db.com/professionals/search-roles/?test.html%3Fkid%3D=linkedinjobwrap#/professional/job/55723&urlHash=3rQp","Resume your resume (5)","Deutsche Bank","Pune, Maharashtra, India","2025-01-14","fulltime","","","","","","","not applicable","Other","","","**Position Overview**
**Job Title: Lead Engineer (RYR\\#2025\\)**
**Location: Pune, India**
**Role Description**
 Engineer is responsible for managing or performing work across multiple areas of the bank's overall IT Platform/Infrastructure including analysis, development, and administration. It may also involve taking functional oversight of engineering delivery for specific departments. Work includes:
   

  

* Planning and developing entire engineering solutions to accomplish business goals
* Building reliability and resiliency into solutions with appropriate testing and reviewing throughout the delivery lifecycle
* Ensuring maintainability and reusability of engineering solutions
* Ensuring solutions are well architected and can be integrated successfully into the end\\-to\\-end business process flow
* Reviewing engineering plans and quality to drive re\\-use and improve engineering capability
* Participating in industry forums to drive adoption of innovative technologies, tools and solutions in the Bank


**What we'll offer you:**
 As part of our flexible scheme, here are just some of the benefits that you'll enjoy
   

  

* Best in class leave policy
* Gender neutral parental leaves
* 100% reimbursement under childcare assistance benefit (gender neutral)
* Sponsorship for Industry relevant certifications and education
* Employee Assistance Program for you and your family members
* Comprehensive Hospitalization Insurance for you and your dependents
* Accident and Term life Insurance
* Complementary Health screening for 35 yrs. and above


**Your Key Responsibilities:**
 The candidate is expected to;
   

  

* Hands\\-on engineering lead involved in analysis, design, design/code reviews, coding and release activities
* Champion engineering best practices and guide/mentor team to achieve high performance.
* Work closely with Business stakeholders, Tribe lead, Product Owner, Lead Architect to successfully deliver the business outcomes.
* Acquire functional knowledge of the business capability being digitized/re\\-engineered.
* Demonstrate ownership, inspire others, innovative thinking, growth mindset and collaborate for success.


**Your Skills \\& Experience:**
* Minimum 15 years of IT industry experience in Full stack development
* Expert in Java, Spring Boot, NodeJS, SQL/PLSQL, ReactJS,
* Strong experience in Big data processing – Apache Spark, Hadoop, Bigquery, DataProc, Dataflow etc
* Strong experience in Kubernetes, OpenShift container platform
* Experience with Databases – Oracle, PostgreSQL, MongoDB, Redis/hazelcast, should understand data modeling, normalization, and performance optimization
* Experience in message queues (RabbitMQ/IBM MQ, JMS) and Data streaming i.e. Kafka, Pub\\-sub etc
* Experience of working on public cloud – GCP preferred, AWS or Azure
* Knowledge of various distributed/multi\\-tiered architecture styles – Micro\\-services, Data mesh, Integration patterns etc
* Experience on modern software product delivery practices, processes and tooling and BIzDevOps skills such as CI/CD pipelines using Jenkins, Git Actions etc
* Experience on designing solutions, based on DDD and implementing Clean / Hexagonal Architecture efficient systems that can handle large\\-scale operation
* Experience on leading teams and mentoring developers
* Focus on quality – experience with TDD, BDD, Stress and Contract Tests
* Proficient in working with APIs (Application Programming Interfaces) and understand data formats like JSON, XML, YAML, Parquet etc


**Key Skills:**
* Java
* Spring Boot
* NodeJS
* SQL/PLSQL
* ReactJS


**Advantageous:**
* Having prior experience in Banking/Finance domain
* Having worked on hybrid cloud solutions preferably using GCP
* Having worked on product development


**How we'll support you:**
* Training and development to help you excel in your career
* Coaching and support from experts in your team
* A culture of continuous learning to aid progression
* A range of flexible benefits that you can tailor to suit your needs


**About Us And Our Teams**
 Please visit our company website for further information:
   

  

**https://www.db.com/company/company.htm**
 We strive for a culture in which we are empowered to excel together every day. This includes acting responsibly, thinking commercially, taking initiative and working collaboratively.
   

  

 Together we share and celebrate the successes of our people. Together we are Deutsche Bank Group.
   

  

 We welcome applications from all people and promote a positive, fair and inclusive work environment.","Financial Services","https://de.linkedin.com/company/deutsche-bank","https://media.licdn.com/dms/image/v2/D4E0BAQHPxOQjSTf63Q/company-logo_100_100/company-logo_100_100/0/1733126326977?e=2147483647&v=beta&t=Sox1AP2RLBDINbiSLzHmDnuHDV-LTcQdBKVQ2b6mFVg","","","","",""
"li-4117168692","linkedin","https://www.linkedin.com/jobs/view/4117168692","https://easebuzz.hire.trakstar.com/jobs/fk0pxnb/&urlHash=-PyU","Full Stack Developer","Easebuzz","Pune, Maharashtra, India","2025-01-08","fulltime","","","","","","","entry level","Engineering and Information Technology","","","**Company Profile**
 Easebuzz is a payment solutions (fintech organisation) company which enables online merchants to accept, process and disburse payments through developer friendly APIs. We are focusing on building plug n play products including the payment infrastructure to solve complete business problems. Definitely a wonderful place where all the actions related to payments, lending, subscription, eKYC is happening at the same time.
   

  

 We have been consistently profitable and are constantly developing new innovative products, as a result, we are able to grow 4x over the past year alone. We are well capitalised and have recently closed a fundraise of $4M in March, 2021 from prominent VC firms and angel investors. Easebuzz’s corporate culture is tied into the vision of building a workplace which breeds open communication and minimal bureaucracy. An equal opportunity employer, we welcome and encourage diversity in the workplace. One thing you can be sure of is that you will be surrounded by colleagues who are committed to helping each other grow.
   

  

 Easebuzz Pvt. Ltd. has its presence in Pune, Mumbai, Bangalore, Gurugram
   

  

**Job Description**
 We are looking for a Full Stack Developer responsible for managing the interchange of data between the server and the users. Your primary focus will be the development of all server\\-side logic, ensuring high performance and responsiveness to requests from the front end.
   

  

 At EaseBuzz, every individual is honed to be a leader and enjoys the freedom to make decisions that she/he sees fit to steer the organization closer towards its goals. We work in small, decentralized teams that promote independent authority and freedom to approach and solve problems creatively. This path nurtures the artisan in every individual and brings to fruition the vision of crafting purpose\\-built solutions for clients.
   

  

**Qualifications And Education Requirements**
 ∙Expert in Python, with knowledge of Python web framework (such as Django, Flask, etc depending on your technology stack)
   

  

 ∙Excellent knowledge of programming languages (PHP,Python preferred) along with JavaScript, Jquery
   

  

 ∙Should be very well versed with database queries like mysql,etc.
   

  

 ∙Familiarity with some ORM (Object Relational Mapper) libraries
   

  

 ∙Able to integrate multiple data sources and databases into one system
   

  

 ∙Understanding of the threading limitations of Python, and multi\\-process architecture
   

  

 ∙Basic understanding of front\\-end technologies, such as JavaScript, HTML5, and CSS3
   

  

 ∙Understanding of accessibility and security compliance
   

  

 ∙Knowledge of user authentication and authorization between multiple systems, servers, and environments
   

  

 ∙Understanding of fundamental design principles behind a scalable application
   

  

 ∙Understanding of the differences between multiple delivery platforms, such as mobile vs desktop, and optimizing output to match the specific platform
   

  

 ∙Able to create database schemas that represent and support business processes
   

  

 ∙Strong unit test and debugging skills
   

  

**Role And Responsibilities**
 ∙Good communication skills and excellent problem\\-solving capabilities
   

* Work on complex, custom\\-designed, scalable, multi\\-tiered software development projects
* Design and implementation of low\\-latency, high\\-availability, and performance applications
* Integration of user\\-facing elements developed by front\\-end developers with server\\-side logic
* Implementation of security and data protection
* Be responsible for the quality of software and resolving any issues regards the solution
* Think through hard problems, not limited to technology, and work with a team to realize and implement solutions and Learn something new every day.


**Employment Type**
 Full\\-Time","Software Development","https://in.linkedin.com/company/easebuzz","https://media.licdn.com/dms/image/v2/D4D0BAQF1YNJTvpkJ4w/company-logo_100_100/company-logo_100_100/0/1695977627815/easebuzz_logo?e=2147483647&v=beta&t=yaW2oxE1RJBNH7dpKBfU7shaEYL11bvDaEytYJUKdaU","","","","",""
"li-3829308907","linkedin","https://www.linkedin.com/jobs/view/3829308907","https://cutshort.io/job/Backend-Developer-Pune-Easebuzz-QIei89Pd?utm_source=linkedin-feed&utm_medium=xml&utm_content=job-posting&applicationsource=linkedin-feed&urlHash=leR8","Backend Developer","Easebuzz","Pune, Maharashtra, India","2024-01-19","fulltime","","","","","","","associate","Engineering and Information Technology","","","Company Profile
   

  

 Easebuzz is a payment solutions (fintech organisation) company which enables online merchants to accept, process and disburse payments through developer friendly APIs. We are focusing on building plug n play products including the payment infrastructure to solve
   

  

 complete business problems. Definitely a wonderful place where all the actions related to payments, lending, subscription, eKYC is happening at the same time.We have been consistently profitable and are constantly developing new innovative products, as a result, we are able to grow 4x over the past year alone. We are well capitalised and have recently closed a fundraise of $4M in March, 2021 from prominent VC
   

  

 firms and angel investors. Easebuzz’s corporate culture is tied into the vision of building a workplace which breeds open communication and minimal bureaucracy. An equal opportunity employer, we welcome and encourage diversity in the workplace. One thing you can be sure of is that you will be surrounded by colleagues who are committed to helping each other grow. Easebuzz Pvt. Ltd. has its presence in Pune, Bangalore, Gurugram.
   

  

**Job Description**
 We are looking for a Backend Developer responsible for managing the interchange of data between the server and the users. Your primary focus will be the development of all servers\\-side logic, ensuring high performance and responsiveness to requests from the front
   

  

 end. At EaseBuzz, every individual is honed to be a leader and enjoys the freedom to make decisions that she/he sees fit to steer the organization closer towards its goals. We work in small, decentralized teams that promote independent authority and freedom to approach and solve problems creatively. This path nurtures the artisan in every individual and brings to fruition the vision of crafting purpose\\-built solutions for clients.
   

  

**Benefits**
* Transparent, Performance Driven Culture.
* Fun, Collaborative Team Environment
* Medical Benefits \\& Flexible work hours


 Designation: Back End Developer
   

  

 Experience: 2\\-4 yrs of development experience in Python
   

  

**Responsibilities**
* Requirement gathering \\& understanding, effort estimation, technical design,


 project planning, and monitoring in an Agile environment.
   

  

* Full Software Development Lifecycle (Agile)
* Code reviews, test case reviews and ensure code developed meets the


 requirements.
   

  

* Implementation of security and data protection
* Design and implementation of data storage solutions
* Carry out adaptive changes necessitated by changes in Business


**Skills And Qualifications**
* Proficient knowledge of Python
* Expertise in at least one popular Python framework (like Django/ Flask)
* Well versed with database queries like MySQL or Postgres, etc and have the ability to create database schemas that represent and support business processes
* Should possess in\\-depth knowledge of object\\-relational mapping
* Proficient understanding of code versioning tools, such as Git
* Basics of tuning application performance
* Integration of multiple data sources and databases into one system
* Experience with tools like Celery, Nginx, Gunicorn etc.
* Experience in Kafka writing Consumers and Producers would be a plus


 point.
   

  

* Experience with AWS or GCP would be a plus point
* Experience in Microservices, Event\\-driven systems, Caching would be a plus point


 Employment Type
   

  

 Full Time Skills:\\- Django, Flask, MySQL, ORM, Python, Amazon Web Services (AWS) and Agile/Scrum","Software Development","https://in.linkedin.com/company/easebuzz","https://media.licdn.com/dms/image/v2/D4D0BAQF1YNJTvpkJ4w/company-logo_100_100/company-logo_100_100/0/1695977627815/easebuzz_logo?e=2147483647&v=beta&t=yaW2oxE1RJBNH7dpKBfU7shaEYL11bvDaEytYJUKdaU","","","","",""
"li-3627613617","linkedin","https://www.linkedin.com/jobs/view/3627613617","https://cutshort.io/job/Software-Development-Engineer-Bengaluru-Bangalore-Pune-xpressbees-m5tcNNfE?utm_source=linkedin-feed&utm_medium=xml&utm_content=job-posting&applicationsource=linkedin-feed&urlHash=6DOA","Software Development Engineer","Xpressbees (BusyBees Logistics Solutions Pvt. Ltd.)","Pune, Maharashtra, India","2023-06-06","fulltime","","","","","","","director","Engineering and Information Technology","","","Company Profile
   

  

 XpressBees– a logistics company started in 2015 – is amongst the fastest growing companies of its
   

  

 sector. While we started off rather humbly in the space of ecommerce B2C logistics, the last 5 years
   

  

 have seen us steadily progress towards expanding our presence. Our vision to evolve into a strong full\\-
   

  

 service logistics organization reflects itself in our new lines of business like 3PL, B2B Xpress and cross
   

  

 border operations.
   

  

 Our strong domain expertise and constant focus on meaningful innovation have helped us rapidly evolve
   

  

 as the most trusted logistics partner of India. We have progressively carved our way towards best\\-in\\-
   

  

 class technology platforms, an extensive network reach, and a seamless last mile management system.
   

  

 While on this aggressive growth path, we seek to become the one\\-stop\\-shop for end\\-to\\-end logistics
   

  

 solutions. Our big focus areas for the very near future include strengthening our presence as service
   

  

 providers of choice and leveraging the power of technology to improve efficiencies for our clients.
   

  

**Job Description**
 XB is looking for driven \\& talented engineers to build highly scalable, reliable and performant cloud\\-
   

  

 based platforms to drive the logistics business. You will have opportunities to make a big impact at XB
   

  

 on the software solutions being built for Logistics businesses. We build a variety of technology products
   

  

 that span multiple businesses.
   

  

 The challenges that SDEs at XB solve are big (handle 50 Lakh shipments per day!) and influence the E\\-
   

  

 Commerce business in India in coming years. We are looking for individuals who are passionate about
   

  

 creating new products, features, and services from scratch while managing ambiguity and the fast pace
   

  

 of the company. The challenges span areas like highly scalable and reliable orchestration
   

  

 platforms, Client Integration API frameworks, Billing Solutions, Workforce Engagement. Further you may
   

  

 solve complex optimization problems like Vehicle routing, Allocation, Network Optimization etc.
   

  

 Roles \\& Responsibilities
   

  

  You will be responsible for working with cross functional teams to deep dive into the
   

  

 business and technology problems related to our portfolio of products, understanding the
   

  

 gaps that exist in our current tools, and work within our team and with partner teams to
   

  

 design best in class solutions.
   

  

  You will have the opportunity to influence, invent, and design system architecture
   

  

 across multiple product and technology spaces.
   

  

  You will lead and mentor other talented engineers. You will be responsible for building
   

  

 the best customer experience, keeping latency, security, and usability in mind.
   

  

  You will interact with Product Managers and Designers and convert their vision into
   

  

 a technical solution.
   

  

  You will own portions of software deliverables including major critical path code from
   

  

 your designs while finding opportunities to grow and mentor the team around you.
   

  

  You will collaborate with other engineering leads and guide the team on software
   

  

 development best practices and set examples by using them in solutions that you build.
   

  

  You will own the end\\-to\\-end design of major deliverables, working closely with a team
   

  

 of SDEs and Front\\-End Engineers to execute them. This is a high visibility and fast\\-paced
   

  

 environment where you will make a direct impact on the customer experience and the
   

  

 bottom line of the company.
   

  

  You should have a commanding understanding of object\\-oriented design, data
   

  

 structures and algorithms which you use to mentor a team of engineers. You should have
   

  

 experience with agile methodologies, experience building scalable services and robust user
   

  

 interfaces. We make extensive use of AWS Services (API Gateway, Lambda, SQS, etc.) and
   

  

 prior experience is a plus. Experience with modern JavaScript frameworks (like angular,
   

  

 react, backbone, and node.js) would be a plus.
   

  

**Qualifications**
  Experience developing cloud software services and an understanding of design for
   

  

 scalability, performance, and reliability.
   

  

  Development experience defining, developing and maintaining web service API's
   

  

  Demonstrated ability to mentor other software developers to maintain architectural
   

  

 vision and software quality.
   

  

  Experience in communicating with users, other technical teams, and senior
   

  

 management to collect requirements, describe software product features, technical designs,
   

  

 and product strategy.
   

  

  Experience taking a leading role in building complex software systems that have been
   

  

 successfully delivered to customers.
   

  

  Knowledge of professional software engineering practices \\& best practices for the full
   

  

 software development life cycle, including coding standards, code reviews, source control
   

  

 management, build processes, testing, and operations.
   

  

  Experience with distributed computing and enterprise\\-wide systems
   

  

  Deep understanding of CS fundamentals including data structures, algorithms and
   

  

 complexity analysis.
   

  

  Experience building large\\-scale, high\\-performance systems in a complex, multi\\-tiered,
   

  

 distributed environment.
   

  

  Design and architecture expertise as well as familiarity with object\\-oriented analysis and
   

  

 design patterns (OOA/OOD).
   

  

  Ability to thrive in a fast\\-paced, dynamic environment. Skills:\\- Data Structures, Algorithms, Java and Python","Transportation, Logistics, Supply Chain and Storage","https://in.linkedin.com/company/xpressbees","https://media.licdn.com/dms/image/v2/D4D0BAQHzaUMuSw4-Fg/company-logo_100_100/company-logo_100_100/0/1736509379333/xpressbees_logo?e=2147483647&v=beta&t=QEjptUh39E1BJcthXs-qfXdJUUW7prBhkxOO0melwVU","","","","",""
